-- --------------------------------------------------------
-- Host:                         127.0.0.1
-- Server version:               10.4.11-MariaDB - mariadb.org binary distribution
-- Server OS:                    Win64
-- HeidiSQL Version:             10.3.0.5771
-- --------------------------------------------------------

/*!40101 SET @OLD_CHARACTER_SET_CLIENT=@@CHARACTER_SET_CLIENT */;
/*!40101 SET NAMES utf8 */;
/*!50503 SET NAMES utf8mb4 */;
/*!40014 SET @OLD_FOREIGN_KEY_CHECKS=@@FOREIGN_KEY_CHECKS, FOREIGN_KEY_CHECKS=0 */;
/*!40101 SET @OLD_SQL_MODE=@@SQL_MODE, SQL_MODE='NO_AUTO_VALUE_ON_ZERO' */;


-- Dumping database structure for sentimen
DROP DATABASE IF EXISTS `sentimen`;
CREATE DATABASE IF NOT EXISTS `sentimen` /*!40100 DEFAULT CHARACTER SET utf8mb4 */;
USE `sentimen`;

-- Dumping structure for table sentimen.case_folding
DROP TABLE IF EXISTS `case_folding`;
CREATE TABLE IF NOT EXISTS `case_folding` (
  `cf_data` int(11) NOT NULL,
  `cf_case_folding` text DEFAULT NULL,
  `created_at` timestamp NULL DEFAULT current_timestamp() ON UPDATE current_timestamp(),
  PRIMARY KEY (`cf_data`),
  CONSTRAINT `FK_case_folding_data_crawling` FOREIGN KEY (`cf_data`) REFERENCES `data_crawling` (`dc_id`) ON DELETE CASCADE ON UPDATE CASCADE
) ENGINE=InnoDB DEFAULT CHARSET=latin1;

-- Dumping data for table sentimen.case_folding: ~43 rows (approximately)
/*!40000 ALTER TABLE `case_folding` DISABLE KEYS */;
REPLACE INTO `case_folding` (`cf_data`, `cf_case_folding`, `created_at`) VALUES
	(1, 'pelayanan indihome sangat mengecewakan', '2020-02-03 11:00:24'),
	(2, 'terima kasih, indihome error sudah langsung diperbaiki', '2020-02-03 11:00:25'),
	(3, 'kecewa berat dengan telkom 147 indihome fiber', '2020-02-03 11:00:25'),
	(4, 'pelayanan pasang baru indihome sangat buruk dan mengecewakan', '2020-02-03 11:00:25'),
	(5, 'after sales indihome yang buruk', '2020-02-03 11:00:25'),
	(6, 'pembayaran indihome melalui tokopedia mengecewakan', '2020-02-03 11:00:26'),
	(7, 'indihome problem yang terus-menerus dan pelayanan yang buruk', '2020-02-03 11:00:26'),
	(8, 'telkom indihome pasang baru secepat kilat tapi kalau maintenance lama', '2020-02-03 11:00:26'),
	(9, 'pemaksaan, ketidakamanan dan tidak ada tanggung jawab telkom terkait indihome', '2020-02-03 11:00:26'),
	(10, 'pelayanan maintenance telkom indihome yang buruk', '2020-02-03 11:00:26'),
	(11, 'indihome sangat tidak memuaskan !!!! sangat mengecewakan !!!! baru tgl 24 april pasang indihome, sejak tgl 4 mei sampai sekarang tgl 15 mei masih tidak bisa digunakan !!!', '2020-02-03 11:00:27'),
	(12, 'downgrade bisa? setengah-nya dari speed yg paling rendah? mubazir soalnya speednya', '2020-02-03 11:00:27'),
	(13, 'terima kasih, mmg di modem kami ada restat... cepat sekali tanggapannya.. mksh banyak... kami akan coba dl useetv kami ...', '2020-02-03 11:00:27'),
	(14, 'halaaaah....sudah sampai hari keempat koneksi internet dan tv saya terputus tanpa ada tindakan yg jelas dari telkom dan indihome... bah', '2020-02-03 11:00:27'),
	(15, 'siang min, boleh nanya gk, bisa atau tidak berhenti berlangganan indihome selain lewat plaza telkom, terima kasih min sebelumnya', '2020-02-03 11:00:28'),
	(16, 'mohon di bantu internet saya lemot, speed nya rendah banget, untuk saat ini gak sampe 1 mbps, nomer pelanggan saya 122501212664. mohon di bantu solusinya. terima kasih.', '2020-02-03 11:00:28'),
	(17, 'cek dm dong. slow respon bgt giliran orang lain cepat balas nya. tolong profesional melayani pelanggan. prosedur awal sudah dilakukan restart & cabut kabel chord. tolong di respon keluhan nya, internet lambat! saya bayar ga pernah telat', '2020-02-03 11:00:28'),
	(18, 'indihome saya kapan ya bisa connect lagi inet nya? dari kemaren pagi sampai sekarang belum bisa, ini buat kerja, kalau memang gak sanggup bilang aja, biar kita bisa migrasi ke provider lain', '2020-02-03 11:00:28'),
	(19, 'bangsat ni indihome jam segini suka mati2', '2020-02-03 11:00:28'),
	(20, 'ada wa masuk dari indihome tentang tagihan pemasangan, disitu tertera tgl pelunasan 5-20. artinya pelanggan bebas dong mau byr diantara rentan tgl yg telah dibuat sendiri oleh indihome. lah ini tadi tgl 15 malam dah diputus jaringanya, aneh. kalo gitu gak usah buat aturan min', '2020-02-03 11:00:29'),
	(21, 'jaringan nya saja jelek melulu gimana mau tambah speed yg ada bayar lebih mahal aja', '2020-02-03 11:00:29'),
	(22, 'berapa lama sop telkom untk penanganan masalah spt ini??? tugu sampe lebaran kuda???', '2020-02-03 11:00:29'),
	(23, 'buka bersama menjadikan kita yg jauh menjadi dekat, yg dekat semakin terikat  yuuuk bukber', '2020-02-03 11:00:30'),
	(24, 'dari tanggal 8 sampai sekarang permintaan tutup layanan belum di proses. beginikah pelayanannya yang baik?', '2020-02-03 11:00:30'),
	(25, 'sudah hubungi 147, sales indihome, teknisi yg memasang indihome bahkan chat dari aplikasi my indihome sampai sekarang tidak ada perbaikan !!!!!!!', '2020-02-03 11:00:30'),
	(26, 'mohon bantuan hybrid box saya tiba2 mati saat menonton tv,', '2020-02-03 11:00:30'),
	(27, 'wifi eror ,ssid nya ga timbul2 dh hampir seharian , bt', '2020-02-03 11:00:31'),
	(28, 'lihat saya udah bayar internet putus dari kemarin sampai hari ini belum juga konek', '2020-02-03 11:00:31'),
	(29, 'selamat pagi,   no.076195190 intenet dan telfon saya putus dan tdk terkoneksi internet sm sekali mohon perbaikannya dg cepat!!!. terimaksih', '2020-02-03 11:00:31'),
	(30, 'rusak blm di perbaiki 04313126065 sudah laporan dr tgl 2', '2020-02-03 11:00:31'),
	(31, 'kecewa promo gratis pemasangan indihome', '2020-02-03 11:00:31'),
	(32, 'sudah lapor masalah internet, belum ada perbaikan', '2020-02-03 11:00:32'),
	(33, 'sudah berhenti berlangganan internet, abonemen tak berubah', '2020-02-03 11:00:32'),
	(34, 'layanan internet mati, kapan normal kembali?', '2020-02-03 11:00:32'),
	(35, 'koneksi internet mengecewakan, tolong segera perbaiki!', '2020-02-03 11:00:32'),
	(36, 'internet, tv kabel dan telepon mati, adakah kompensasinya?', '2020-02-03 11:00:33'),
	(37, 'internet masih error, laporan dinyatakan selesai', '2020-02-03 11:00:33'),
	(38, 'dianggap belum membayar, paket add-on indihome tidak bisa dinikmati', '2020-02-03 11:00:33'),
	(39, 'tagihan melonjak, kecewa layanan program triple play', '2020-02-03 11:00:33'),
	(40, 'pengajuan upgrade kecepatan internet tidak ada kejelasan', '2020-02-03 11:00:33'),
	(41, 'pemasangan indiehome tidak jelas waktunya', '2020-02-12 20:54:56'),
	(42, 'ni knapa yak ... tiba" mati @indiehome', '2020-02-12 20:54:56'),
	(43, 'tanggapan lama, kecewa layanan customer service indiehome', '2020-02-13 17:15:06');
/*!40000 ALTER TABLE `case_folding` ENABLE KEYS */;

-- Dumping structure for table sentimen.data_crawling
DROP TABLE IF EXISTS `data_crawling`;
CREATE TABLE IF NOT EXISTS `data_crawling` (
  `dc_id` int(11) NOT NULL AUTO_INCREMENT,
  `dc_post_id` varchar(50) DEFAULT NULL,
  `dc_author` varchar(200) DEFAULT NULL,
  `dc_tanggal` varchar(50) DEFAULT NULL,
  `dc_link` text DEFAULT NULL,
  `dc_sumber` varchar(100) DEFAULT NULL,
  `dc_inputan` text DEFAULT NULL,
  `created_at` timestamp NULL DEFAULT current_timestamp() ON UPDATE current_timestamp(),
  PRIMARY KEY (`dc_id`)
) ENGINE=InnoDB AUTO_INCREMENT=168 DEFAULT CHARSET=latin1;

-- Dumping data for table sentimen.data_crawling: ~43 rows (approximately)
/*!40000 ALTER TABLE `data_crawling` DISABLE KEYS */;
REPLACE INTO `data_crawling` (`dc_id`, `dc_post_id`, `dc_author`, `dc_tanggal`, `dc_link`, `dc_sumber`, `dc_inputan`, `created_at`) VALUES
	(1, '1', 'Adi Wijaya', '6 januari 2017', 'https://mediakonsumen.com/2017/01/06/surat-pembaca/pelayanan-indihome-sangat-mengecewakan', 'Mediakonsumen.com', 'Pelayanan Indihome Sangat Mengecewakan', '2020-02-03 10:50:47'),
	(2, '2', 'Imam Situmeang', '26 Februari 2018', 'https://mediakonsumen.com/2018/02/26/surat-pembaca/terima-kasih-indihome-error-sudah-langsung-diperbaiki', 'Mediakonsumen.com', 'Terima kasih, Indihome Error Sudah Langsung Diperbaiki', '2020-02-03 10:50:47'),
	(3, '3', 'Khu tony', '23 januari 2017', 'https://mediakonsumen.com/2017/01/23/surat-pembaca/kecewa-berat-telkom-147-indihome-fiber', 'Mediakonsumen.com', 'Kecewa Berat dengan Telkom 147 Indihome Fiber', '2020-02-03 10:50:47'),
	(4, '4', 'Atitya', '17 april 2018', 'https://mediakonsumen.com/2018/04/17/surat-pembaca/pelayanan-pasang-baru-indihome-sangat-buruk-dan-mengecewakan', 'Mediakonsumen.com', 'Pelayanan Pasang Baru Indihome Sangat Buruk dan Mengecewakan', '2020-02-03 10:50:47'),
	(5, '5', 'Ara komputer', '11 februari 2017', 'https://mediakonsumen.com/2017/02/11/surat-pembaca/after-sales-indihome-yang-buruk', 'Mediakonsumen.com', 'After Sales Indihome yang Buruk', '2020-02-03 10:50:47'),
	(6, '6', 'yohanes', '43405', 'https://mediakonsumen.com/2018/11/01/surat-pembaca/pembayaran-indihome-melalui-tokopedia-mengecewakan', 'Mediakonsumen.com', 'Pembayaran Indihome Melalui Tokopedia Mengecewakan', '2020-02-03 10:50:47'),
	(7, '7', 'Rifki balfas', '5 april 2017', 'https://mediakonsumen.com/2017/04/05/surat-pembaca/indihome-problem-terus-menerus-dan-pelayanan-buruk', 'Mediakonsumen.com', 'Indihome Problem yang Terus-menerus dan Pelayanan yang Buruk', '2020-02-03 10:50:47'),
	(8, '8', 'Syarif H', '10 april 2017', 'https://mediakonsumen.com/2017/04/10/surat-pembaca/telkom-indihome-pasang-baru-secepat-kilat-kalau-maintenance-lama', 'Mediakonsumen.com', 'Telkom Indihome Pasang Baru Secepat Kilat TAPI kalau Maintenance Lama', '2020-02-03 10:50:47'),
	(9, '9', 'Novan Agung W', '21 April 2017', 'https://mediakonsumen.com/2017/04/21/surat-pembaca/pemaksaan-ketidakamanan-dan-tidak-ada-tanggung-jawab-telkom-terkait-indihome', 'Mediakonsumen.com', 'Pemaksaan, Ketidakamanan dan Tidak Ada Tanggung Jawab Telkom terkait Indihome', '2020-02-03 10:50:47'),
	(10, '10', '15 Juni 2017', 'Rizky Merdietio', 'https://mediakonsumen.com/2017/06/15/surat-pembaca/pelayanan-maintenance-telkom-indihome-buruk', 'Mediakonsumen.com', 'Pelayanan Maintenance Telkom IndiHome yang Buruk', '2020-02-03 10:50:47'),
	(11, '11', '15 mei 2019', 'Priska Mandey', 'https://twitter.com/frikepriska/status/1128659182490488833', 'twitter.com', 'Indihome sangat tidak memuaskan !!!! Sangat mengecewakan !!!! Baru tgl 24 April pasang indihome, sejak tgl 4 mei sampai sekarang tgl 15 Mei masih tidak bisa digunakan !!!', '2020-02-03 10:50:47'),
	(12, '12', '30 januari 2020', 'sidiq ?', 'https://twitter.com/sidiq16/status/1222762046552297473', 'twitter.com', 'Downgrade bisa? Setengah-nya dari speed yg paling rendah? Mubazir soalnya speednya', '2020-02-03 10:50:47'),
	(13, '13', '18 mei 2019', 'Ken Arok', 'https://twitter.com/KenArok10193945/status/1129673209123500034', 'twitter.com', 'terima kasih, mmg di modem kami ada restat... cepat sekali tanggapannya.. mksh banyak... kami akan coba dl useetv kami ...', '2020-02-03 10:50:47'),
	(14, '14', '18 mei 2019', 'bambu silan', 'https://twitter.com/Adenituiwang/status/1129598420673372160', 'twitter.com', 'Halaaaah....sudah sampai hari keempat koneksi internet dan tv saya terputus tanpa ada tindakan yg jelas dari telkom dan indihome... Bah', '2020-02-03 10:50:47'),
	(15, '15', '17 mei 2019', 'Hendi', 'https://twitter.com/hendisni/status/1129278119683092480', 'twitter.com', 'Siang min, boleh nanya gk, bisa atau tidak berhenti berlangganan indihome selain lewat plaza telkom, terima kasih min sebelumnya', '2020-02-03 10:50:47'),
	(16, '16', '29 januari 2020', 'Yanuar Andres', 'https://twitter.com/gelaranbanyumas/status/1222503022565003266', 'twitter.com', 'Mohon di bantu internet saya lemot, speed nya rendah banget, untuk saat ini gak sampe 1 mbps, nomer pelanggan saya 122501212664. Mohon di bantu solusinya. Terima kasih.', '2020-02-03 10:50:47'),
	(17, '17', '28 januari 2020', 'Andry Hadi Utomo', 'https://twitter.com/utomohadiandry/status/1222173558673006592', 'twitter.com', 'Cek dm dong. Slow respon bgt giliran orang lain cepat balas nya. Tolong profesional melayani pelanggan. Prosedur awal sudah dilakukan restart & cabut kabel chord. Tolong di respon keluhan nya, internet lambat! Saya bayar ga pernah telat', '2020-02-03 10:50:47'),
	(18, '18', '17 mei 2019', 'Rama', 'https://twitter.com/ramadhan_chang/status/1129185828679213056', 'twitter.com', 'Indihome saya kapan ya bisa connect lagi inet nya? Dari kemaren pagi sampai sekarang belum bisa, ini buat kerja, kalau memang gak sanggup bilang aja, biar kita bisa migrasi ke provider lain', '2020-02-03 10:50:47'),
	(19, '19', '26 januari 2020', 'Majin66', 'https://twitter.com/DavyKharis/status/1221199564603940864', 'twitter.com', 'Bangsat ni indihome jam segini suka mati2', '2020-02-03 10:50:47'),
	(20, '20', '16 mei 2019', 'Banyu Samudro', 'https://twitter.com/banyuocean/status/1128726306395262979', 'twitter.com', 'Ada WA masuk dari indihome tentang tagihan pemasangan, disitu tertera tgl pelunasan 5-20. Artinya pelanggan bebas dong mau byr diantara rentan tgl yg telah dibuat sendiri oleh indihome. Lah ini tadi tgl 15 malam dah diputus jaringanya, aneh. Kalo gitu gak usah buat aturan min', '2020-02-03 10:50:47'),
	(21, '21', '30 januari 2020', 'Sinichi Koduro', 'https://twitter.com/andresmile88/status/1222889217262419969', 'twitter.com', 'Jaringan nya saja jelek melulu gimana mau tambah speed yg ada bayar lebih mahal aja', '2020-02-03 10:50:47'),
	(22, '22', '16 mei 2019', 'Agungsugihartono', 'https://twitter.com/Agungsu78099015/status/1128884240764923904', 'twitter.com', 'Berapa lama SOP telkom untk penanganan masalah spt ini??? Tugu sampe lebaran kuda???', '2020-02-03 10:50:47'),
	(23, '23', '20 mei 2019', 'Nadisa', 'https://twitter.com/ecapedee/status/1130305313284939776', 'twitter.com', 'Buka bersama menjadikan kita yg jauh menjadi dekat, yg dekat semakin terikat  yuuuk bukber', '2020-02-03 10:50:47'),
	(24, '24', '15 mei 2019', 'Consumer', 'https://twitter.com/heartthrob_boy/status/1128474294080532481', 'twitter.com', 'Dari tanggal 8 sampai sekarang permintaan tutup layanan belum di proses. Beginikah pelayanannya yang baik?', '2020-02-03 10:50:47'),
	(25, '25', '15  meio 2019', 'Priska Mandey', 'https://twitter.com/frikepriska/status/1128659239973425156', 'twitter.com', 'Sudah hubungi 147, sales indihome, teknisi yg memasang indihome bahkan chat dari aplikasi my indihome sampai sekarang tidak ada perbaikan !!!!!!!', '2020-02-03 10:50:47'),
	(26, '26', '19 mei 2019', 'ade perdana putra', 'https://twitter.com/AdeinAde/status/1129940673413566464', 'twitter.com', 'Mohon bantuan hybrid box saya tiba2 mati saat menonton tv,', '2020-02-03 10:50:47'),
	(27, '27', '18 mei 2019', 'Aghes', 'https://twitter.com/isaghez/status/1129547037228142592', 'twitter.com', 'Wifi eror ,SSID NYA GA TIMBUL2 DH HAMPIR SEHARIAN , BT', '2020-02-03 10:50:47'),
	(28, '28', '15 mei 2019', 'Arifin', 'https://twitter.com/rimin_aja/status/1128576186550931456', 'twitter.com', 'Lihat saya udah bayar internet putus dari kemarin sampai hari ini belum juga konek', '2020-02-03 10:50:47'),
	(29, '29', '18 mei 2019', 'Ifan priyadi', 'https://twitter.com/priyadi_ifan/status/1129488397318287361', 'twitter.com', 'Selamat pagi,   no.076195190 intenet dan telfon saya putus dan tdk terkoneksi internet sm sekali mohon perbaikannya dg cepat!!!. Terimaksih', '2020-02-03 10:50:47'),
	(30, '30', '18 mei 2019', 'Ephen Korengkeng', 'https://twitter.com/ephenkorengkeng/status/1129720918131953670', 'twitter.com', 'Rusak blm di perbaiki 04313126065 sudah laporan dr tgl 2', '2020-02-03 10:50:47'),
	(31, '31', '20 januari 2017', 'Heriyanto', 'https://news.detik.com/suara-pembaca/d-3401326/kecewa-promo-gratis-pemasangan-indihome?_ga=2.205403344.1930462395.1558351405-211737454.1558351405', 'detik.com', 'Kecewa Promo Gratis Pemasangan IndiHome', '2020-02-03 10:50:47'),
	(32, '32', '24 januari 2017', 'Ivan', 'https://news.detik.com/suara-pembaca/d-3404094/sudah-lapor-masalah-internet-belum-ada-perbaikan?_ga=2.205403344.1930462395.1558351405-211737454.1558351405', 'detik.com', 'Sudah Lapor Masalah Internet, belum Ada Perbaikan', '2020-02-03 10:50:47'),
	(33, '33', '3 februari 2017', 'Siska', 'https://news.detik.com/suara-pembaca/d-3412961/sudah-berhenti-berlangganan-internet-abonemen-tak-berubah?_ga=2.205403344.1930462395.1558351405-211737454.1558351405', 'detik.com', 'Sudah Berhenti Berlangganan Internet, Abonemen tak Berubah', '2020-02-03 10:50:47'),
	(34, '34', '7 februari 2017', 'Irwan', 'https://news.detik.com/suara-pembaca/d-3415547/layanan-internet-mati-kapan-normal-kembali?_ga=2.205403344.1930462395.1558351405-211737454.1558351405', 'detik.com', 'Layanan Internet Mati, Kapan Normal Kembali?', '2020-02-03 10:50:47'),
	(35, '35', '14 februari 2017', 'Andik', 'https://news.detik.com/suara-pembaca/d-3421830/koneksi-internet-mengecewakan-tolong-segera-perbaiki?_ga=2.196491628.1930462395.1558351405-211737454.1558351405', 'detik.com', 'Koneksi Internet Mengecewakan, Tolong Segera Perbaiki!', '2020-02-03 10:50:47'),
	(36, '36', '6 mei 2017', 'Andir', 'https://news.detik.com/suara-pembaca/d-3439418/internet-tv-kabel-dan-telepon-mati-adakah-kompensasinya?_ga=2.196491628.1930462395.1558351405-211737454.1558351405', 'detik.com', 'Internet, TV Kabel dan Telepon Mati, Adakah Kompensasinya?', '2020-02-03 10:50:47'),
	(37, '37', '9 maret 2017', 'Bobby', 'https://news.detik.com/suara-pembaca/d-3442221/internet-masih-error-laporan-dinyatakan-selesai?_ga=2.200275310.1930462395.1558351405-211737454.1558351405', 'detik.com', 'Internet Masih Error, Laporan Dinyatakan Selesai', '2020-02-03 11:00:21'),
	(38, '38', '16 maret 2017', 'Kenny', 'https://news.detik.com/suara-pembaca/d-3448958/dianggap-belum-membayar-paket-add-on-indihome-tidak-bisa-dinikmati?_ga=2.200275310.1930462395.1558351405-211737454.1558351405', 'detik.com', 'Dianggap belum Membayar, Paket Add-On IndiHome tidak Bisa Dinikmati', '2020-02-03 10:50:47'),
	(39, '39', '10 april 2017', 'Fransiska', 'https://news.detik.com/suara-pembaca/d-3470272/tagihan-melonjak-kecewa-layanan-program-triple-play?_ga=2.3535472.1930462395.1558351405-211737454.1558351405', 'detik.com', 'Tagihan Melonjak, Kecewa Layanan Program Triple Play', '2020-02-03 10:50:47'),
	(40, '40', '6 mei 2017', 'vincent', 'https://news.detik.com/suara-pembaca/d-3493736/pengajuan-upgrade-kecepatan-internet-tidak-ada-kejelasan?_ga=2.3535472.1930462395.1558351405-211737454.1558351405', 'detik.com', 'Pengajuan Upgrade Kecepatan Internet tidak Ada Kejelasan', '2020-02-03 10:50:47'),
	(41, '41', NULL, NULL, NULL, NULL, 'Pemasangan indiehome tidak jelas waktunya', '2020-02-12 20:53:29'),
	(42, '42', NULL, NULL, NULL, NULL, 'ni knapa yak ... tiba" mati @indiehome', '2020-02-12 20:54:02'),
	(43, '43', NULL, NULL, NULL, NULL, 'tanggapan lama, kecewa layanan customer service indiehome', '2020-02-12 20:55:05');
/*!40000 ALTER TABLE `data_crawling` ENABLE KEYS */;

-- Dumping structure for table sentimen.kamus_liu
DROP TABLE IF EXISTS `kamus_liu`;
CREATE TABLE IF NOT EXISTS `kamus_liu` (
  `kl_id` int(11) NOT NULL AUTO_INCREMENT,
  `kl_value` varchar(255) DEFAULT NULL,
  `kl_kelas` enum('positif','negatif') DEFAULT NULL,
  PRIMARY KEY (`kl_id`)
) ENGINE=InnoDB AUTO_INCREMENT=5508 DEFAULT CHARSET=utf8mb4;

-- Dumping data for table sentimen.kamus_liu: ~5,507 rows (approximately)
/*!40000 ALTER TABLE `kamus_liu` DISABLE KEYS */;
REPLACE INTO `kamus_liu` (`kl_id`, `kl_value`, `kl_kelas`) VALUES
	(1, 'ahli', 'positif'),
	(2, 'absah', 'positif'),
	(3, 'absolut', 'positif'),
	(4, 'acuan', 'positif'),
	(5, 'afdol', 'positif'),
	(6, 'akademisi', 'positif'),
	(7, 'akan bayar', 'positif'),
	(8, 'akbar', 'positif'),
	(9, 'akrab', 'positif'),
	(10, 'aktif', 'positif'),
	(11, 'aktualisasi', 'positif'),
	(12, 'akur', 'positif'),
	(13, 'akurat', 'positif'),
	(14, 'alami', 'positif'),
	(15, 'alamiah', 'positif'),
	(16, 'alhamdulillah', 'positif'),
	(17, 'alim', 'positif'),
	(18, 'amal', 'positif'),
	(19, 'aman', 'positif'),
	(20, 'amboi', 'positif'),
	(21, 'ampuh', 'positif'),
	(22, 'andal', 'positif'),
	(23, 'andalan', 'positif'),
	(24, 'anggukan', 'positif'),
	(25, 'anggun', 'positif'),
	(26, 'animo', 'positif'),
	(27, 'anjuran', 'positif'),
	(28, 'anteng', 'positif'),
	(29, 'antusias', 'positif'),
	(30, 'antusiasme', 'positif'),
	(31, 'anugrah', 'positif'),
	(32, 'apresiasi', 'positif'),
	(33, 'arahan', 'positif'),
	(34, 'ayo', 'positif'),
	(35, 'bagus', 'positif'),
	(36, 'bahagia', 'positif'),
	(37, 'baik', 'positif'),
	(38, 'bakat', 'positif'),
	(39, 'bakti', 'positif'),
	(40, 'bangga', 'positif'),
	(41, 'bangkit', 'positif'),
	(42, 'bantu', 'positif'),
	(43, 'bantuan', 'positif'),
	(44, 'banyak', 'positif'),
	(45, 'beasiswa', 'positif'),
	(46, 'becus', 'positif'),
	(47, 'bekal', 'positif'),
	(48, 'beken', 'positif'),
	(49, 'belajar', 'positif'),
	(50, 'bela', 'positif'),
	(51, 'benah', 'positif'),
	(52, 'benar', 'positif'),
	(53, 'bening', 'positif'),
	(54, 'berani', 'positif'),
	(55, 'betul', 'positif'),
	(56, 'bhinneka', 'positif'),
	(57, 'bijak', 'positif'),
	(58, 'bijaksana', 'positif'),
	(59, 'bisa', 'positif'),
	(60, 'bismillah', 'positif'),
	(61, 'bonus', 'positif'),
	(62, 'brilian', 'positif'),
	(63, 'budiman', 'positif'),
	(64, 'cakap', 'positif'),
	(65, 'cakep', 'positif'),
	(66, 'canggih', 'positif'),
	(67, 'cekatan', 'positif'),
	(68, 'cemerlang', 'positif'),
	(69, 'cendekia', 'positif'),
	(70, 'cendekiawan', 'positif'),
	(71, 'cepat', 'positif'),
	(72, 'cerdas', 'positif'),
	(73, 'cerdik', 'positif'),
	(74, 'ceria', 'positif'),
	(75, 'cermat', 'positif'),
	(76, 'cita', 'positif'),
	(77, 'cocok', 'positif'),
	(78, 'cukup', 'positif'),
	(79, 'damai', 'positif'),
	(80, 'demokrasi', 'positif'),
	(81, 'demokratis', 'positif'),
	(82, 'devisa', 'positif'),
	(83, 'dewasa', 'positif'),
	(84, 'doakan', 'positif'),
	(85, 'donasi', 'positif'),
	(86, 'donatur', 'positif'),
	(87, 'donor', 'positif'),
	(88, 'dorong', 'positif'),
	(89, 'dukungan', 'positif'),
	(90, 'dukung', 'positif'),
	(91, 'dzikir', 'positif'),
	(92, 'edukasi', 'positif'),
	(93, 'edukatif', 'positif'),
	(94, 'efektif', 'positif'),
	(95, 'efisien', 'positif'),
	(96, 'ekonomis', 'positif'),
	(97, 'ekspres', 'positif'),
	(98, 'elegan', 'positif'),
	(99, 'elite', 'positif'),
	(100, 'elok', 'positif'),
	(101, 'eloknya', 'positif'),
	(102, 'empati', 'positif'),
	(103, 'enak', 'positif'),
	(104, 'enak-enak', 'positif'),
	(105, 'enteng', 'positif'),
	(106, 'esensial', 'positif'),
	(107, 'estetik', 'positif'),
	(108, 'tetap', 'positif'),
	(109, 'estetis', 'positif'),
	(110, 'etis', 'positif'),
	(111, 'evaluasi', 'positif'),
	(112, 'faedah', 'positif'),
	(113, 'fakta', 'positif'),
	(114, 'faktual', 'positif'),
	(115, 'fantastis', 'positif'),
	(116, 'hati', 'positif'),
	(117, 'fasih', 'positif'),
	(118, 'favorit', 'positif'),
	(119, 'fenomenal', 'positif'),
	(120, 'fitrah', 'positif'),
	(121, 'gagah', 'positif'),
	(122, 'gampang', 'positif'),
	(123, 'ganteng', 'positif'),
	(124, 'gapai', 'positif'),
	(125, 'gemilang', 'positif'),
	(126, 'genius', 'positif'),
	(127, 'genjot', 'positif'),
	(128, 'giat', 'positif'),
	(129, 'gigih', 'positif'),
	(130, 'gratis', 'positif'),
	(131, 'gunanya', 'positif'),
	(132, 'hadiah', 'positif'),
	(133, 'hakiki', 'positif'),
	(134, 'halal', 'positif'),
	(135, 'handal', 'positif'),
	(136, 'harapan', 'positif'),
	(137, 'harmoni', 'positif'),
	(138, 'harmonis', 'positif'),
	(139, 'hebat', 'positif'),
	(140, 'heroik', 'positif'),
	(141, 'hibah', 'positif'),
	(142, 'hibur', 'positif'),
	(143, 'hidayah', 'positif'),
	(144, 'hidup', 'positif'),
	(145, 'hikmah', 'positif'),
	(146, 'hits', 'positif'),
	(147, 'hoki', 'positif'),
	(148, 'hore', 'positif'),
	(149, 'hormat', 'positif'),
	(150, 'humor', 'positif'),
	(151, 'ibadah', 'positif'),
	(152, 'ideal', 'positif'),
	(153, 'ikhtiar', 'positif'),
	(154, 'iktikad', 'positif'),
	(155, 'ilmiah', 'positif'),
	(156, 'iman', 'positif'),
	(157, 'indah', 'positif'),
	(158, 'informatif', 'positif'),
	(159, 'inisiatif', 'positif'),
	(160, 'inovasi', 'positif'),
	(161, 'inovatif', 'positif'),
	(162, 'inovator', 'positif'),
	(163, 'insaf', 'positif'),
	(164, 'insan', 'positif'),
	(165, 'insentif', 'positif'),
	(166, 'inspirasi', 'positif'),
	(167, 'integritas', 'positif'),
	(168, 'intelek', 'positif'),
	(169, 'intelektual', 'positif'),
	(170, 'intensif', 'positif'),
	(171, 'islami', 'positif'),
	(172, 'itikad', 'positif'),
	(173, 'itikaf', 'positif'),
	(174, 'izin', 'positif'),
	(175, 'jago', 'positif'),
	(176, 'jawaban', 'positif'),
	(177, 'jelas', 'positif'),
	(178, 'jelaskan', 'positif'),
	(179, 'jenius', 'positif'),
	(180, 'juara', 'positif'),
	(181, 'jujur', 'positif'),
	(182, 'kagum', 'positif'),
	(183, 'kaji', 'positif'),
	(184, 'kamil', 'positif'),
	(185, 'kampiun', 'positif'),
	(186, 'karunia', 'positif'),
	(187, 'kasih', 'positif'),
	(188, 'keren', 'positif'),
	(189, 'kerja', 'positif'),
	(190, 'kharisma', 'positif'),
	(191, 'kharismatik', 'positif'),
	(192, 'khidmat', 'positif'),
	(193, 'khusyuk', 'positif'),
	(194, 'klarifikasi', 'positif'),
	(195, 'kokoh', 'positif'),
	(196, 'kolaborasi', 'positif'),
	(197, 'komersial', 'positif'),
	(198, 'komitmen', 'positif'),
	(199, 'kompak', 'positif'),
	(200, 'kompeten', 'positif'),
	(201, 'komunikasi', 'positif'),
	(202, 'komunikatif', 'positif'),
	(203, 'kondusif', 'positif'),
	(204, 'konfirmasi', 'positif'),
	(205, 'konkret', 'positif'),
	(206, 'konsisten', 'positif'),
	(207, 'konsistensi', 'positif'),
	(208, 'kooperatif', 'positif'),
	(209, 'koordinasi', 'positif'),
	(210, 'kreasi', 'positif'),
	(211, 'kreatif', 'positif'),
	(212, 'kreativitas', 'positif'),
	(213, 'kuat', 'positif'),
	(214, 'lancar', 'positif'),
	(215, 'langgeng', 'positif'),
	(216, 'layak', 'positif'),
	(217, 'lega', 'positif'),
	(218, 'legal', 'positif'),
	(219, 'legenda', 'positif'),
	(220, 'leluasa', 'positif'),
	(221, 'lembut', 'positif'),
	(222, 'lincah', 'positif'),
	(223, 'logis', 'positif'),
	(224, 'loyal', 'positif'),
	(225, 'loyalitas', 'positif'),
	(226, 'lucu', 'positif'),
	(227, 'luhur', 'positif'),
	(228, 'lulus', 'positif'),
	(229, 'lunas', 'positif'),
	(230, 'luwes', 'positif'),
	(231, 'mahir', 'positif'),
	(232, 'maju', 'positif'),
	(233, 'makan', 'positif'),
	(234, 'makmur', 'positif'),
	(235, 'mampu', 'positif'),
	(236, 'mandiri', 'positif'),
	(237, 'manfaat', 'positif'),
	(238, 'manjur', 'positif'),
	(239, 'mantap', 'positif'),
	(240, 'megah', 'positif'),
	(241, 'memadai', 'positif'),
	(242, 'menang', 'positif'),
	(243, 'merdu', 'positif'),
	(244, 'momentum', 'positif'),
	(245, 'motivasi', 'positif'),
	(246, 'mudah', 'positif'),
	(247, 'mujur', 'positif'),
	(248, 'mulia', 'positif'),
	(249, 'mulus', 'positif'),
	(250, 'mumpuni', 'positif'),
	(251, 'murah', 'positif'),
	(252, 'murni', 'positif'),
	(253, 'musyawarah', 'positif'),
	(254, 'mutakhir', 'positif'),
	(255, 'naik', 'positif'),
	(256, 'nikmat', 'positif'),
	(257, 'normal', 'positif'),
	(258, 'nyaman', 'positif'),
	(259, 'optimis', 'positif'),
	(260, 'pahlawan', 'positif'),
	(261, 'pakar', 'positif'),
	(262, 'pandai', 'positif'),
	(263, 'pantas', 'positif'),
	(264, 'panutan', 'positif'),
	(265, 'patuh', 'positif'),
	(266, 'peduli', 'positif'),
	(267, 'pegangan', 'positif'),
	(268, 'pejuang', 'positif'),
	(269, 'pekerti', 'positif'),
	(270, 'penting', 'positif'),
	(271, 'percaya', 'positif'),
	(272, 'pintar', 'positif'),
	(273, 'populer', 'positif'),
	(274, 'positif', 'positif'),
	(275, 'potensi', 'positif'),
	(276, 'praktis', 'positif'),
	(277, 'prestasi', 'positif'),
	(278, 'prioritas', 'positif'),
	(279, 'produktif', 'positif'),
	(280, 'profesional', 'positif'),
	(281, 'profit', 'positif'),
	(282, 'puas', 'positif'),
	(283, 'pulih', 'positif'),
	(284, 'rahman', 'positif'),
	(285, 'rahmat', 'positif'),
	(286, 'rajin', 'positif'),
	(287, 'ramah', 'positif'),
	(288, 'rampung', 'positif'),
	(289, 'rapi', 'positif'),
	(290, 'realistis', 'positif'),
	(291, 'reformasi', 'positif'),
	(292, 'rekonsiliasi', 'positif'),
	(293, 'relawan', 'positif'),
	(294, 'relevan', 'positif'),
	(295, 'relevansi', 'positif'),
	(296, 'renungan', 'positif'),
	(297, 'resmi', 'positif'),
	(298, 'responsif', 'positif'),
	(299, 'revolusioner', 'positif'),
	(300, 'rezeki', 'positif'),
	(301, 'riang', 'positif'),
	(302, 'rida', 'positif'),
	(303, 'ridha', 'positif'),
	(304, 'ridho', 'positif'),
	(305, 'rido', 'positif'),
	(306, 'riset', 'positif'),
	(307, 'rohmat', 'positif'),
	(308, 'rukun', 'positif'),
	(309, 'sabar', 'positif'),
	(310, 'sadar', 'positif'),
	(311, 'sangkal', 'positif'),
	(312, 'salut', 'positif'),
	(313, 'sanggup', 'positif'),
	(314, 'santun', 'positif'),
	(315, 'sayang', 'positif'),
	(316, 'sejalan', 'positif'),
	(317, 'selamat', 'positif'),
	(318, 'selaras', 'positif'),
	(319, 'selesai', 'positif'),
	(320, 'semangat', 'positif'),
	(321, 'semoga', 'positif'),
	(322, 'senang', 'positif'),
	(323, 'serius', 'positif'),
	(324, 'sesuai', 'positif'),
	(325, 'setuju', 'positif'),
	(326, 'sholeh', 'positif'),
	(327, 'siap', 'positif'),
	(328, 'silahkan', 'positif'),
	(329, 'silaturahmi', 'positif'),
	(330, 'simpati', 'positif'),
	(331, 'sistematik', 'positif'),
	(332, 'sistematis', 'positif'),
	(333, 'siuman', 'positif'),
	(334, 'sobat', 'positif'),
	(335, 'peraih', 'positif'),
	(336, 'sohib', 'positif'),
	(337, 'solid', 'positif'),
	(338, 'solidaritas', 'positif'),
	(339, 'solider', 'positif'),
	(340, 'solusi', 'positif'),
	(341, 'sopan', 'positif'),
	(342, 'sopan santun', 'positif'),
	(343, 'sorga', 'positif'),
	(344, 'spektakuler', 'positif'),
	(345, 'spesial', 'positif'),
	(346, 'sportif', 'positif'),
	(347, 'sportivitas', 'positif'),
	(348, 'stabil', 'positif'),
	(349, 'steril', 'positif'),
	(350, 'strategis', 'positif'),
	(351, 'subsidi', 'positif'),
	(352, 'suci', 'positif'),
	(353, 'sukses', 'positif'),
	(354, 'syukuran', 'positif'),
	(355, 'taat', 'positif'),
	(356, 'tahu', 'positif'),
	(357, 'talenta', 'positif'),
	(358, 'tampan', 'positif'),
	(359, 'tangguh', 'positif'),
	(360, 'taubat', 'positif'),
	(361, 'tauladan', 'positif'),
	(362, 'tawaduk', 'positif'),
	(363, 'tawakal', 'positif'),
	(364, 'tegar', 'positif'),
	(365, 'tegas', 'positif'),
	(366, 'teguh', 'positif'),
	(367, 'tekad', 'positif'),
	(368, 'tekun', 'positif'),
	(369, 'teladan', 'positif'),
	(370, 'tenteram', 'positif'),
	(371, 'tentram', 'positif'),
	(372, 'tepati', 'positif'),
	(373, 'terawat', 'positif'),
	(374, 'toleran', 'positif'),
	(375, 'toleransi', 'positif'),
	(376, 'plus', 'positif'),
	(377, 'bintang', 'positif'),
	(378, 'tertawa', 'positif'),
	(379, 'tawa', 'positif'),
	(380, 'kuasa', 'positif'),
	(381, 'pilih', 'positif'),
	(382, 'bungkar', 'positif'),
	(383, 'relokasi', 'positif'),
	(384, 'revitalisasi', 'positif'),
	(385, 'pasukan', 'positif'),
	(386, 'absah', 'positif'),
	(387, 'absolut', 'positif'),
	(388, 'acuan', 'positif'),
	(389, 'afdol', 'positif'),
	(390, 'ahli', 'positif'),
	(391, 'akademisi', 'positif'),
	(392, 'akan bayar', 'positif'),
	(393, 'akbar', 'positif'),
	(394, 'akrab', 'positif'),
	(395, 'aktif', 'positif'),
	(396, 'aktualisasi', 'positif'),
	(397, 'akur', 'positif'),
	(398, 'akurat', 'positif'),
	(399, 'alami', 'positif'),
	(400, 'alamiah', 'positif'),
	(401, 'alhamdulillah', 'positif'),
	(402, 'alim', 'positif'),
	(403, 'alim ulama', 'positif'),
	(404, 'amal', 'positif'),
	(405, 'amal jariah', 'positif'),
	(406, 'aman', 'positif'),
	(407, 'aman-aman', 'positif'),
	(408, 'amboi', 'positif'),
	(409, 'ampuh', 'positif'),
	(410, 'anak emas', 'positif'),
	(411, 'andal', 'positif'),
	(412, 'andalan', 'positif'),
	(413, 'anggukan', 'positif'),
	(414, 'anggun', 'positif'),
	(415, 'animo', 'positif'),
	(416, 'anjuran', 'positif'),
	(417, 'anteng', 'positif'),
	(418, 'antusias', 'positif'),
	(419, 'antusiasme', 'positif'),
	(420, 'anugrah', 'positif'),
	(421, 'apresiasi', 'positif'),
	(422, 'arahan', 'positif'),
	(423, 'atensi', 'positif'),
	(424, 'ayo', 'positif'),
	(425, 'bagus', 'positif'),
	(426, 'bahagia', 'positif'),
	(427, 'bahagiakan', 'positif'),
	(428, 'bahagian', 'positif'),
	(429, 'bahu-membahu', 'positif'),
	(430, 'baik', 'positif'),
	(431, 'baik-baik', 'positif'),
	(432, 'bajik', 'positif'),
	(433, 'bakat', 'positif'),
	(434, 'bakti', 'positif'),
	(435, 'bala bantuan', 'positif'),
	(436, 'balas budi', 'positif'),
	(437, 'balas jasa', 'positif'),
	(438, 'bangga', 'positif'),
	(439, 'bangkit', 'positif'),
	(440, 'bantu', 'positif'),
	(441, 'bantuan', 'positif'),
	(442, 'banyak', 'positif'),
	(443, 'banyak-banyak', 'positif'),
	(444, 'beasiswa', 'positif'),
	(445, 'bebas banjir', 'positif'),
	(446, 'bebas hambatan', 'positif'),
	(447, 'bebas murni', 'positif'),
	(448, 'becus', 'positif'),
	(449, 'bekal', 'positif'),
	(450, 'beken', 'positif'),
	(451, 'bekerja keras', 'positif'),
	(452, 'bekerja sama', 'positif'),
	(453, 'belajar', 'positif'),
	(454, 'belas kasih', 'positif'),
	(455, 'benah', 'positif'),
	(456, 'benar', 'positif'),
	(457, 'bening', 'positif'),
	(458, 'berakal', 'positif'),
	(459, 'berakhlak', 'positif'),
	(460, 'beramal', 'positif'),
	(461, 'beraneka ragam', 'positif'),
	(462, 'berangkulan', 'positif'),
	(463, 'berani', 'positif'),
	(464, 'berbagi', 'positif'),
	(465, 'berbahagia', 'positif'),
	(466, 'berbaikan', 'positif'),
	(467, 'berbakat', 'positif'),
	(468, 'berbakti', 'positif'),
	(469, 'berbangga', 'positif'),
	(470, 'berbinar-binar', 'positif'),
	(471, 'berbobot', 'positif'),
	(472, 'berbudaya', 'positif'),
	(473, 'berbudi', 'positif'),
	(474, 'berbunga-bunga', 'positif'),
	(475, 'bercahaya', 'positif'),
	(476, 'berdamai', 'positif'),
	(477, 'berdaulat', 'positif'),
	(478, 'berdaya', 'positif'),
	(479, 'berdaya guna', 'positif'),
	(480, 'berdaya upaya', 'positif'),
	(481, 'berdecak kagum', 'positif'),
	(482, 'berdikari', 'positif'),
	(483, 'berempati', 'positif'),
	(484, 'beretika', 'positif'),
	(485, 'beretiket', 'positif'),
	(486, 'berfaedah', 'positif'),
	(487, 'berfungsi', 'positif'),
	(488, 'bergandengan', 'positif'),
	(489, 'bergizi', 'positif'),
	(490, 'bergotong-royong', 'positif'),
	(491, 'berguna', 'positif'),
	(492, 'berhadiah', 'positif'),
	(493, 'berharap', 'positif'),
	(494, 'berharga', 'positif'),
	(495, 'berhasil', 'positif'),
	(496, 'berhemat', 'positif'),
	(497, 'berihtiar', 'positif'),
	(498, 'berijtihad', 'positif'),
	(499, 'berikhtiar', 'positif'),
	(500, 'berikrar', 'positif'),
	(501, 'beriktikad', 'positif'),
	(502, 'beriman', 'positif'),
	(503, 'berimbang', 'positif'),
	(504, 'berinisiatif', 'positif'),
	(505, 'berinovasi', 'positif'),
	(506, 'beritikad', 'positif'),
	(507, 'berjaya', 'positif'),
	(508, 'berkembang pesat', 'positif'),
	(509, 'berkesinambungan', 'positif'),
	(510, 'berkhasiat', 'positif'),
	(511, 'berkibar', 'positif'),
	(512, 'berkontribusi', 'positif'),
	(513, 'berkoordinasi', 'positif'),
	(514, 'berkreasi', 'positif'),
	(515, 'berkualitas', 'positif'),
	(516, 'berlimpah', 'positif'),
	(517, 'bermaaf-maafan', 'positif'),
	(518, 'bermanfaat', 'positif'),
	(519, 'berminat', 'positif'),
	(520, 'bermoral', 'positif'),
	(521, 'bermusyawarah', 'positif'),
	(522, 'berniat', 'positif'),
	(523, 'berolah raga', 'positif'),
	(524, 'berpeluang', 'positif'),
	(525, 'berpelukan', 'positif'),
	(526, 'berpengalaman', 'positif'),
	(527, 'berprestasi', 'positif'),
	(528, 'bersabar', 'positif'),
	(529, 'bersahabat', 'positif'),
	(530, 'bersahaja', 'positif'),
	(531, 'bersalam-salaman', 'positif'),
	(532, 'bersalaman', 'positif'),
	(533, 'bersama', 'positif'),
	(534, 'bersama-sama', 'positif'),
	(535, 'bersatu', 'positif'),
	(536, 'bersatu padu', 'positif'),
	(537, 'bersedia', 'positif'),
	(538, 'bersesuaian', 'positif'),
	(539, 'bersilaturahmi', 'positif'),
	(540, 'bersimpati', 'positif'),
	(541, 'bersinergi', 'positif'),
	(542, 'bersopan santun', 'positif'),
	(543, 'bersorak', 'positif'),
	(544, 'bersorak sorai', 'positif'),
	(545, 'bersosialisasi', 'positif'),
	(546, 'bersukaria', 'positif'),
	(547, 'bersyukur', 'positif'),
	(548, 'bertahan', 'positif'),
	(549, 'bertahap', 'positif'),
	(550, 'bertalenta', 'positif'),
	(551, 'bertasawuf', 'positif'),
	(552, 'bertasbih', 'positif'),
	(553, 'bertasyakur', 'positif'),
	(554, 'bertaubat', 'positif'),
	(555, 'bertawakal', 'positif'),
	(556, 'bertekad', 'positif'),
	(557, 'bertepa salira', 'positif'),
	(558, 'berterima kasih', 'positif'),
	(559, 'berterus terang', 'positif'),
	(560, 'bertobat', 'positif'),
	(561, 'beruntung', 'positif'),
	(562, 'berupaya', 'positif'),
	(563, 'berusaha', 'positif'),
	(564, 'berwawasan', 'positif'),
	(565, 'berwibawa', 'positif'),
	(566, 'berzakat', 'positif'),
	(567, 'berzikir', 'positif'),
	(568, 'betul', 'positif'),
	(569, 'bhinneka', 'positif'),
	(570, 'bibit unggul', 'positif'),
	(571, 'bijak', 'positif'),
	(572, 'bijaksana', 'positif'),
	(573, 'bintang kelas', 'positif'),
	(574, 'bintang lapangan', 'positif'),
	(575, 'bintang panggung', 'positif'),
	(576, 'bisa', 'positif'),
	(577, 'bismillah', 'positif'),
	(578, 'bombastis', 'positif'),
	(579, 'bonafid', 'positif'),
	(580, 'bonafide', 'positif'),
	(581, 'bonafit', 'positif'),
	(582, 'bonus', 'positif'),
	(583, 'brilian', 'positif'),
	(584, 'buah hati', 'positif'),
	(585, 'buah karya', 'positif'),
	(586, 'budi pekerti', 'positif'),
	(587, 'budiman', 'positif'),
	(588, 'cakap', 'positif'),
	(589, 'cakep', 'positif'),
	(590, 'canggih', 'positif'),
	(591, 'cekatan', 'positif'),
	(592, 'cemerlang', 'positif'),
	(593, 'cendekia', 'positif'),
	(594, 'cendekiawan', 'positif'),
	(595, 'cepat', 'positif'),
	(596, 'cerdas', 'positif'),
	(597, 'cerdik', 'positif'),
	(598, 'ceria', 'positif'),
	(599, 'cermat', 'positif'),
	(600, 'cermati', 'positif'),
	(601, 'cita', 'positif'),
	(602, 'cita-cita', 'positif'),
	(603, 'cocok', 'positif'),
	(604, 'cukup', 'positif'),
	(605, 'cuma-cuma', 'positif'),
	(606, 'damai', 'positif'),
	(607, 'daur ulang', 'positif'),
	(608, 'daya guna', 'positif'),
	(609, 'daya gunakan', 'positif'),
	(610, 'daya upaya', 'positif'),
	(611, 'decak kagum', 'positif'),
	(612, 'demokrasi', 'positif'),
	(613, 'demokratis', 'positif'),
	(614, 'devisa', 'positif'),
	(615, 'dewasa', 'positif'),
	(616, 'diaktifkan', 'positif'),
	(617, 'diakui', 'positif'),
	(618, 'diakurkan', 'positif'),
	(619, 'diamini', 'positif'),
	(620, 'diaminkan', 'positif'),
	(621, 'diandalkan', 'positif'),
	(622, 'dianjurkan', 'positif'),
	(623, 'dianugerahi', 'positif'),
	(624, 'dianugerahkan', 'positif'),
	(625, 'dianugrahkan', 'positif'),
	(626, 'diarahkan', 'positif'),
	(627, 'dibaguskan', 'positif'),
	(628, 'dibahagiakan', 'positif'),
	(629, 'dibaikkan', 'positif'),
	(630, 'dibanggakan', 'positif'),
	(631, 'dibantu', 'positif'),
	(632, 'dibekali', 'positif'),
	(633, 'dibekalkan', 'positif'),
	(634, 'dibela', 'positif'),
	(635, 'dibenahi', 'positif'),
	(636, 'diberdayakan', 'positif'),
	(637, 'diberitahu', 'positif'),
	(638, 'dibina', 'positif'),
	(639, 'dicapai', 'positif'),
	(640, 'dicerdaskan', 'positif'),
	(641, 'diceriakan', 'positif'),
	(642, 'dicermati', 'positif'),
	(643, 'dicermatkan', 'positif'),
	(644, 'didamaikan', 'positif'),
	(645, 'didaur ulang', 'positif'),
	(646, 'didayagunakan', 'positif'),
	(647, 'didayaupayakan', 'positif'),
	(648, 'didik', 'positif'),
	(649, 'didonasikan', 'positif'),
	(650, 'didonorkan', 'positif'),
	(651, 'diedukasi', 'positif'),
	(652, 'diedukasikan', 'positif'),
	(653, 'diefektifkan', 'positif'),
	(654, 'difavoritkan', 'positif'),
	(655, 'digalakkan', 'positif'),
	(656, 'digandrungi', 'positif'),
	(657, 'digapai', 'positif'),
	(658, 'digratiskan', 'positif'),
	(659, 'dihadiahi', 'positif'),
	(660, 'dihadiahkan', 'positif'),
	(661, 'dihargai', 'positif'),
	(662, 'diharmoniskan', 'positif'),
	(663, 'dihemat', 'positif'),
	(664, 'dihibur', 'positif'),
	(665, 'dihijaukan', 'positif'),
	(666, 'dihormati', 'positif'),
	(667, 'dikaji kembali', 'positif'),
	(668, 'dikakgumi', 'positif'),
	(669, 'dikaruniai', 'positif'),
	(670, 'dikaruniakan', 'positif'),
	(671, 'dikaryakan', 'positif'),
	(672, 'dikasihi', 'positif'),
	(673, 'diketahui', 'positif'),
	(674, 'diklarifikasi', 'positif'),
	(675, 'dikokohkan', 'positif'),
	(676, 'dikukuhkan', 'positif'),
	(677, 'dilancarkan', 'positif'),
	(678, 'dilanggengkan', 'positif'),
	(679, 'dilapangi', 'positif'),
	(680, 'dilapangkan', 'positif'),
	(681, 'dilegakan', 'positif'),
	(682, 'dilerai', 'positif'),
	(683, 'dilestarikan', 'positif'),
	(684, 'dilimpahkan', 'positif'),
	(685, 'dilindungi', 'positif'),
	(686, 'diluhurkan', 'positif'),
	(687, 'dilunasi', 'positif'),
	(688, 'dimaafkan', 'positif'),
	(689, 'dimerdekakan', 'positif'),
	(690, 'diminati', 'positif'),
	(691, 'dimotivasi', 'positif'),
	(692, 'dimudahkan', 'positif'),
	(693, 'dimuliakan', 'positif'),
	(694, 'dioptimalkan', 'positif'),
	(695, 'dipahami', 'positif'),
	(696, 'dipathui', 'positif'),
	(697, 'dipatuhi', 'positif'),
	(698, 'dipelajari', 'positif'),
	(699, 'dipenuhi', 'positif'),
	(700, 'diperbagus', 'positif'),
	(701, 'diperbaiki', 'positif'),
	(702, 'diperbantukan', 'positif'),
	(703, 'diperbarui', 'positif'),
	(704, 'diperbenar', 'positif'),
	(705, 'dipercakap', 'positif'),
	(706, 'dipercakep', 'positif'),
	(707, 'dipercanggih', 'positif'),
	(708, 'dipercantik', 'positif'),
	(709, 'dipercaya', 'positif'),
	(710, 'dipercepat', 'positif'),
	(711, 'diperdamai', 'positif'),
	(712, 'diperelok', 'positif'),
	(713, 'dipererat', 'positif'),
	(714, 'diperkenankan', 'positif'),
	(715, 'diperlancar', 'positif'),
	(716, 'diperlapang', 'positif'),
	(717, 'dipermudah', 'positif'),
	(718, 'dipersatukan', 'positif'),
	(719, 'dipersolid', 'positif'),
	(720, 'dipertampan', 'positif'),
	(721, 'diprioritaskan', 'positif'),
	(722, 'diproses', 'positif'),
	(723, 'dipuaskan', 'positif'),
	(724, 'dipulihkan', 'positif'),
	(725, 'diraih', 'positif'),
	(726, 'dirampungkan', 'positif'),
	(727, 'dirangkul', 'positif'),
	(728, 'dirapihkan', 'positif'),
	(729, 'dirapikan', 'positif'),
	(730, 'dirawat', 'positif'),
	(731, 'direnungi', 'positif'),
	(732, 'direnungkan', 'positif'),
	(733, 'direstui', 'positif'),
	(734, 'diridai', 'positif'),
	(735, 'diridhai', 'positif'),
	(736, 'diridhoi', 'positif'),
	(737, 'diridoi', 'positif'),
	(738, 'dirohmati', 'positif'),
	(739, 'dirukunkan', 'positif'),
	(740, 'disadarkan', 'positif'),
	(741, 'disanjung', 'positif'),
	(742, 'disanjung-sanjung', 'positif'),
	(743, 'disantuni', 'positif'),
	(744, 'disapu bersih', 'positif'),
	(745, 'disatukan', 'positif'),
	(746, 'disayangi', 'positif'),
	(747, 'diserahkan', 'positif'),
	(748, 'disetujui', 'positif'),
	(749, 'disingsingkan', 'positif'),
	(750, 'disolidkan', 'positif'),
	(751, 'distabilkan', 'positif'),
	(752, 'disterilkan', 'positif'),
	(753, 'distimulasi', 'positif'),
	(754, 'disubsidi', 'positif'),
	(755, 'disucikan', 'positif'),
	(756, 'disukai', 'positif'),
	(757, 'disukseskan', 'positif'),
	(758, 'disyukuri', 'positif'),
	(759, 'ditaati', 'positif'),
	(760, 'ditabahkan', 'positif'),
	(761, 'ditauladani', 'positif'),
	(762, 'ditekuni', 'positif'),
	(763, 'diteladani', 'positif'),
	(764, 'ditenangkan', 'positif'),
	(765, 'ditenteramkan', 'positif'),
	(766, 'ditentramkan', 'positif'),
	(767, 'ditepati', 'positif'),
	(768, 'diterangi', 'positif'),
	(769, 'diterima', 'positif'),
	(770, 'ditertibkan', 'positif'),
	(771, 'ditindaklanjuti', 'positif'),
	(772, 'ditolong', 'positif'),
	(773, 'dituntun', 'positif'),
	(774, 'diunggulkan', 'positif'),
	(775, 'diuntungkan', 'positif'),
	(776, 'diupayakan', 'positif'),
	(777, 'diusahakan', 'positif'),
	(778, 'diutamakan', 'positif'),
	(779, 'doakan', 'positif'),
	(780, 'donasi', 'positif'),
	(781, 'donatur', 'positif'),
	(782, 'donor', 'positif'),
	(783, 'dorong', 'positif'),
	(784, 'dukungan', 'positif'),
	(785, 'dzikir', 'positif'),
	(786, 'edukasi', 'positif'),
	(787, 'edukatif', 'positif'),
	(788, 'efektif', 'positif'),
	(789, 'efisien', 'positif'),
	(790, 'ekonomis', 'positif'),
	(791, 'ekspres', 'positif'),
	(792, 'elegan', 'positif'),
	(793, 'elite', 'positif'),
	(794, 'elok', 'positif'),
	(795, 'eloknya', 'positif'),
	(796, 'empati', 'positif'),
	(797, 'enak', 'positif'),
	(798, 'enak-enak', 'positif'),
	(799, 'enteng', 'positif'),
	(800, 'esensial', 'positif'),
	(801, 'estetik', 'positif'),
	(802, 'estetis', 'positif'),
	(803, 'etis', 'positif'),
	(804, 'evaluasi', 'positif'),
	(805, 'faedah', 'positif'),
	(806, 'fakta', 'positif'),
	(807, 'faktual', 'positif'),
	(808, 'fantastis', 'positif'),
	(809, 'fasih', 'positif'),
	(810, 'favorit', 'positif'),
	(811, 'fenomenal', 'positif'),
	(812, 'final', 'positif'),
	(813, 'fitrah', 'positif'),
	(814, 'gagah', 'positif'),
	(815, 'gampang', 'positif'),
	(816, 'ganteng', 'positif'),
	(817, 'gapai', 'positif'),
	(818, 'gegap gempita', 'positif'),
	(819, 'gemilang', 'positif'),
	(820, 'genius', 'positif'),
	(821, 'genjot', 'positif'),
	(822, 'giat', 'positif'),
	(823, 'gigih', 'positif'),
	(824, 'gilang-gemilang', 'positif'),
	(825, 'gotong-royong', 'positif'),
	(826, 'gratis', 'positif'),
	(827, 'gunanya', 'positif'),
	(828, 'hadiah', 'positif'),
	(829, 'hak mutlak', 'positif'),
	(830, 'hakikat', 'positif'),
	(831, 'hakiki', 'positif'),
	(832, 'halal', 'positif'),
	(833, 'halal bihalal', 'positif'),
	(834, 'halalbihalal', 'positif'),
	(835, 'handal', 'positif'),
	(836, 'happy', 'positif'),
	(837, 'harapan', 'positif'),
	(838, 'harapkan', 'positif'),
	(839, 'harmoni', 'positif'),
	(840, 'harmonis', 'positif'),
	(841, 'harmonisasi', 'positif'),
	(842, 'hebat', 'positif'),
	(843, 'heroik', 'positif'),
	(844, 'hibah', 'positif'),
	(845, 'hibur', 'positif'),
	(846, 'hidayah', 'positif'),
	(847, 'hidmat', 'positif'),
	(848, 'hidup', 'positif'),
	(849, 'higienis', 'positif'),
	(850, 'hikmah', 'positif'),
	(851, 'hits', 'positif'),
	(852, 'hoki', 'positif'),
	(853, 'hore', 'positif'),
	(854, 'hormat', 'positif'),
	(855, 'hormat-menghormati', 'positif'),
	(856, 'hormati', 'positif'),
	(857, 'humoris', 'positif'),
	(858, 'husnul khatimah', 'positif'),
	(859, 'ibadah', 'positif'),
	(860, 'ideal', 'positif'),
	(861, 'ihsan', 'positif'),
	(862, 'ihtiar', 'positif'),
	(863, 'ijtihad', 'positif'),
	(864, 'ikhlas', 'positif'),
	(865, 'ikhtiar', 'positif'),
	(866, 'iktikad', 'positif'),
	(867, 'ilmiah', 'positif'),
	(868, 'iman', 'positif'),
	(869, 'impresif', 'positif'),
	(870, 'imut-imut', 'positif'),
	(871, 'indah', 'positif'),
	(872, 'informatif', 'positif'),
	(873, 'inisiatif', 'positif'),
	(874, 'inovasi', 'positif'),
	(875, 'inovatif', 'positif'),
	(876, 'inovator', 'positif'),
	(877, 'insaf', 'positif'),
	(878, 'insan', 'positif'),
	(879, 'insan kamil', 'positif'),
	(880, 'insentif', 'positif'),
	(881, 'inspirasi', 'positif'),
	(882, 'insya allah', 'positif'),
	(883, 'integritas', 'positif'),
	(884, 'intelek', 'positif'),
	(885, 'intelektual', 'positif'),
	(886, 'inteligensi', 'positif'),
	(887, 'inteligensia', 'positif'),
	(888, 'intensif', 'positif'),
	(889, 'irit', 'positif'),
	(890, 'islami', 'positif'),
	(891, 'istikharah', 'positif'),
	(892, 'istimewa', 'positif'),
	(893, 'istiqamah', 'positif'),
	(894, 'itikad', 'positif'),
	(895, 'itikaf', 'positif'),
	(896, 'izin', 'positif'),
	(897, 'jago', 'positif'),
	(898, 'jagoan', 'positif'),
	(899, 'jangan dulu', 'positif'),
	(900, 'jawaban', 'positif'),
	(901, 'jelas', 'positif'),
	(902, 'jelaskan', 'positif'),
	(903, 'jempolan', 'positif'),
	(904, 'jenius', 'positif'),
	(905, 'juara', 'positif'),
	(906, 'jujur', 'positif'),
	(907, 'kagum', 'positif'),
	(908, 'kaji', 'positif'),
	(909, 'kamil', 'positif'),
	(910, 'kampiun', 'positif'),
	(911, 'kapabel', 'positif'),
	(912, 'karib', 'positif'),
	(913, 'karisma', 'positif'),
	(914, 'karismatik', 'positif'),
	(915, 'karunia', 'positif'),
	(916, 'kasih', 'positif'),
	(917, 'keakraban', 'positif'),
	(918, 'keanggunan', 'positif'),
	(919, 'kebaikan', 'positif'),
	(920, 'kebajikan', 'positif'),
	(921, 'kebanggaan', 'positif'),
	(922, 'kebenaran', 'positif'),
	(923, 'keberhasilan', 'positif'),
	(924, 'kebersamaan', 'positif'),
	(925, 'keberuntungan', 'positif'),
	(926, 'kebulatan suara', 'positif'),
	(927, 'kebulatan tekad', 'positif'),
	(928, 'kecakapan', 'positif'),
	(929, 'kecekatan', 'positif'),
	(930, 'kecemerlangan', 'positif'),
	(931, 'keelokan', 'positif'),
	(932, 'kegemilangan', 'positif'),
	(933, 'kegeniusan', 'positif'),
	(934, 'kegigihan', 'positif'),
	(935, 'kehebatan', 'positif'),
	(936, 'kehormatan', 'positif'),
	(937, 'keikhlasan', 'positif'),
	(938, 'keindahan', 'positif'),
	(939, 'keistimewaan', 'positif'),
	(940, 'kejayaan', 'positif'),
	(941, 'kejelasan', 'positif'),
	(942, 'kejeniusan', 'positif'),
	(943, 'kejujuran', 'positif'),
	(944, 'kekaguman', 'positif'),
	(945, 'kekeluargaan', 'positif'),
	(946, 'kekhidmatan', 'positif'),
	(947, 'kekhusukan', 'positif'),
	(948, 'kekhusyukan', 'positif'),
	(949, 'kelancaran', 'positif'),
	(950, 'kelapangan', 'positif'),
	(951, 'kelebihan', 'positif'),
	(952, 'kelembutan', 'positif'),
	(953, 'kelezatan', 'positif'),
	(954, 'kemajuan', 'positif'),
	(955, 'kemakmuran', 'positif'),
	(956, 'kemampuan', 'positif'),
	(957, 'kemandirian', 'positif'),
	(958, 'kemantapan', 'positif'),
	(959, 'kemenangan', 'positif'),
	(960, 'kemeriahan', 'positif'),
	(961, 'kemudahan', 'positif'),
	(962, 'kemuliaan', 'positif'),
	(963, 'kenikmatan', 'positif'),
	(964, 'kenyamanan', 'positif'),
	(965, 'kepedulian', 'positif'),
	(966, 'kepercayaan', 'positif'),
	(967, 'keramahan', 'positif'),
	(968, 'keren', 'positif'),
	(969, 'keridaan', 'positif'),
	(970, 'keridhaan', 'positif'),
	(971, 'keridhoan', 'positif'),
	(972, 'keridoan', 'positif'),
	(973, 'kerja', 'positif'),
	(974, 'kerukunan', 'positif'),
	(975, 'kesabaran', 'positif'),
	(976, 'kesanggupan', 'positif'),
	(977, 'keselarasan', 'positif'),
	(978, 'kesepakatan', 'positif'),
	(979, 'kesesuaian', 'positif'),
	(980, 'keshalehan', 'positif'),
	(981, 'kesinambungan', 'positif'),
	(982, 'kesopanan', 'positif'),
	(983, 'kesuksesan', 'positif'),
	(984, 'ketaatan', 'positif'),
	(985, 'ketabahan', 'positif'),
	(986, 'ketawakalan', 'positif'),
	(987, 'ketegarab', 'positif'),
	(988, 'ketekunan', 'positif'),
	(989, 'keteladanan', 'positif'),
	(990, 'ketenangan', 'positif'),
	(991, 'ketentraman', 'positif'),
	(992, 'keterbukaan', 'positif'),
	(993, 'ketertiban', 'positif'),
	(994, 'keunggulan', 'positif'),
	(995, 'keuntungan', 'positif'),
	(996, 'kewajiban', 'positif'),
	(997, 'kewenangan', 'positif'),
	(998, 'keyakinan', 'positif'),
	(999, 'kharisma', 'positif'),
	(1000, 'kharismatik', 'positif'),
	(1001, 'khidmat', 'positif'),
	(1002, 'khusyuk', 'positif'),
	(1003, 'klarifikasi', 'positif'),
	(1004, 'kokoh', 'positif'),
	(1005, 'kolaborasi', 'positif'),
	(1006, 'komersial', 'positif'),
	(1007, 'komfortabel', 'positif'),
	(1008, 'komitmen', 'positif'),
	(1009, 'kompak', 'positif'),
	(1010, 'kompatibel', 'positif'),
	(1011, 'kompeten', 'positif'),
	(1012, 'kompetensi', 'positif'),
	(1013, 'komplet', 'positif'),
	(1014, 'komprehensif', 'positif'),
	(1015, 'komunikasi', 'positif'),
	(1016, 'komunikatif', 'positif'),
	(1017, 'kondusif', 'positif'),
	(1018, 'konfirmasi', 'positif'),
	(1019, 'konform', 'positif'),
	(1020, 'konkret', 'positif'),
	(1021, 'konsisten', 'positif'),
	(1022, 'konsistensi', 'positif'),
	(1023, 'konstan', 'positif'),
	(1024, 'kontinu', 'positif'),
	(1025, 'kooperatif', 'positif'),
	(1026, 'koordinasi', 'positif'),
	(1027, 'kreasi', 'positif'),
	(1028, 'kreatif', 'positif'),
	(1029, 'kreativitas', 'positif'),
	(1030, 'kuat', 'positif'),
	(1031, 'lailatul kadar', 'positif'),
	(1032, 'lailatul qadar', 'positif'),
	(1033, 'lailatulkadar', 'positif'),
	(1034, 'lailatulqadar', 'positif'),
	(1035, 'lancar', 'positif'),
	(1036, 'langgeng', 'positif'),
	(1037, 'langsing', 'positif'),
	(1038, 'laporkan', 'positif'),
	(1039, 'layak', 'positif'),
	(1040, 'lega', 'positif'),
	(1041, 'legal', 'positif'),
	(1042, 'legendaris', 'positif'),
	(1043, 'leluasa', 'positif'),
	(1044, 'lembut', 'positif'),
	(1045, 'lerai', 'positif'),
	(1046, 'lezat', 'positif'),
	(1047, 'lincah', 'positif'),
	(1048, 'logis', 'positif'),
	(1049, 'lolos', 'positif'),
	(1050, 'loyal', 'positif'),
	(1051, 'loyalitas', 'positif'),
	(1052, 'luar biasa', 'positif'),
	(1053, 'lucu', 'positif'),
	(1054, 'luhur', 'positif'),
	(1055, 'lulus', 'positif'),
	(1056, 'lunas', 'positif'),
	(1057, 'luwes', 'positif'),
	(1058, 'mabrur', 'positif'),
	(1059, 'mahir', 'positif'),
	(1060, 'maju', 'positif'),
	(1061, 'makan', 'positif'),
	(1062, 'makmur', 'positif'),
	(1063, 'mampu', 'positif'),
	(1064, 'mandiri', 'positif'),
	(1065, 'manfaat', 'positif'),
	(1066, 'manjur', 'positif'),
	(1067, 'mantap', 'positif'),
	(1068, 'masuk akal', 'positif'),
	(1069, 'masukan', 'positif'),
	(1070, 'masyhur', 'positif'),
	(1071, 'megah', 'positif'),
	(1072, 'melancarkan', 'positif'),
	(1073, 'melanggengkan', 'positif'),
	(1074, 'melapangkan', 'positif'),
	(1075, 'melaporkan', 'positif'),
	(1076, 'melegakan', 'positif'),
	(1077, 'melerai', 'positif'),
	(1078, 'meleraikan', 'positif'),
	(1079, 'melestarikan', 'positif'),
	(1080, 'melezatkan', 'positif'),
	(1081, 'melindungi', 'positif'),
	(1082, 'meluhurkan', 'positif'),
	(1083, 'melunasi', 'positif'),
	(1084, 'meluruskan', 'positif'),
	(1085, 'memaafkan', 'positif'),
	(1086, 'memadai', 'positif'),
	(1087, 'memahami', 'positif'),
	(1088, 'memajukan', 'positif'),
	(1089, 'memakmurkan', 'positif'),
	(1090, 'memantapkan', 'positif'),
	(1091, 'mematuhi', 'positif'),
	(1092, 'membaguskan', 'positif'),
	(1093, 'membahagiakan', 'positif'),
	(1094, 'membaik', 'positif'),
	(1095, 'membalas budi', 'positif'),
	(1096, 'membanggakan', 'positif'),
	(1097, 'membangkitkan', 'positif'),
	(1098, 'membangun', 'positif'),
	(1099, 'membantu', 'positif'),
	(1100, 'membawa revolusi', 'positif'),
	(1101, 'membenahi', 'positif'),
	(1102, 'memberbaiki', 'positif'),
	(1103, 'memberdayakan', 'positif'),
	(1104, 'memberi kesempatan', 'positif'),
	(1105, 'memberikan kesempatan', 'positif'),
	(1106, 'membesarkan', 'positif'),
	(1107, 'membetulkan', 'positif'),
	(1108, 'membulatkan hati', 'positif'),
	(1109, 'membulatkan tekad', 'positif'),
	(1110, 'memenagkan', 'positif'),
	(1111, 'memenangkan', 'positif'),
	(1112, 'memenuhi', 'positif'),
	(1113, 'memenuhi persyaratan', 'positif'),
	(1114, 'memerdekakan', 'positif'),
	(1115, 'memopulerkan', 'positif'),
	(1116, 'memotivasi', 'positif'),
	(1117, 'memperaman', 'positif'),
	(1118, 'memperbagus', 'positif'),
	(1119, 'memperbaiki', 'positif'),
	(1120, 'memperbantukan', 'positif'),
	(1121, 'memperbarui', 'positif'),
	(1122, 'mempercanggih', 'positif'),
	(1123, 'mempercantik', 'positif'),
	(1124, 'mempercerdas', 'positif'),
	(1125, 'memperdamai', 'positif'),
	(1126, 'mempererat', 'positif'),
	(1127, 'memperhatikan', 'positif'),
	(1128, 'memperindah', 'positif'),
	(1129, 'memperlancar', 'positif'),
	(1130, 'memperlapang', 'positif'),
	(1131, 'mempermudah', 'positif'),
	(1132, 'mempersatukan', 'positif'),
	(1133, 'mempersiapkan', 'positif'),
	(1134, 'mempersolid', 'positif'),
	(1135, 'mempersukses', 'positif'),
	(1136, 'mempertampan', 'positif'),
	(1137, 'mempertemukan', 'positif'),
	(1138, 'mempertimbangkan', 'positif'),
	(1139, 'memuaskan', 'positif'),
	(1140, 'memudahkan', 'positif'),
	(1141, 'memuji', 'positif'),
	(1142, 'memukau', 'positif'),
	(1143, 'memuliakan', 'positif'),
	(1144, 'memulihkan', 'positif'),
	(1145, 'memurnikan', 'positif'),
	(1146, 'memusyawarahkan', 'positif'),
	(1147, 'menaati', 'positif'),
	(1148, 'menakjubkan', 'positif'),
	(1149, 'menang', 'positif'),
	(1150, 'menarik', 'positif'),
	(1151, 'menauladani', 'positif'),
	(1152, 'mencerahkan', 'positif'),
	(1153, 'mencerdaskan', 'positif'),
	(1154, 'menceriakan', 'positif'),
	(1155, 'mendamaikan', 'positif'),
	(1156, 'mendapat tempat', 'positif'),
	(1157, 'mendayagunakan', 'positif'),
	(1158, 'mendayaupayakan', 'positif'),
	(1159, 'mendonasikan', 'positif'),
	(1160, 'mendonorkan', 'positif'),
	(1161, 'mendorong', 'positif'),
	(1162, 'mendukung', 'positif'),
	(1163, 'menegakkan', 'positif'),
	(1164, 'meneladani', 'positif'),
	(1165, 'menenangkan', 'positif'),
	(1166, 'menengahi', 'positif'),
	(1167, 'menentramkan', 'positif'),
	(1168, 'menepati', 'positif'),
	(1169, 'menerima', 'positif'),
	(1170, 'menertibkan', 'positif'),
	(1171, 'menetapkan', 'positif'),
	(1172, 'mengagumi', 'positif'),
	(1173, 'mengagumkan', 'positif'),
	(1174, 'mengakrabkan', 'positif'),
	(1175, 'mengakurkan', 'positif'),
	(1176, 'mengamankan', 'positif'),
	(1177, 'mengandalkan', 'positif'),
	(1178, 'menganjurkan', 'positif'),
	(1179, 'mengantisipasi', 'positif'),
	(1180, 'menganugerahi', 'positif'),
	(1181, 'menganugrahi', 'positif'),
	(1182, 'menganugrahkan', 'positif'),
	(1183, 'mengasah', 'positif'),
	(1184, 'mengedukasi', 'positif'),
	(1185, 'mengedukasikan', 'positif'),
	(1186, 'mengefektifkan', 'positif'),
	(1187, 'mengerti', 'positif'),
	(1188, 'menggalakkan', 'positif'),
	(1189, 'menggapai', 'positif'),
	(1190, 'menggenjotkan', 'positif'),
	(1191, 'menggiatkan', 'positif'),
	(1192, 'menggugah', 'positif'),
	(1193, 'menghadiahkan', 'positif'),
	(1194, 'menghadiri', 'positif'),
	(1195, 'menghargai', 'positif'),
	(1196, 'mengharmoniskan', 'positif'),
	(1197, 'mengharu biru', 'positif'),
	(1198, 'mengharukan', 'positif'),
	(1199, 'mengharumkan', 'positif'),
	(1200, 'menghayati', 'positif'),
	(1201, 'menghemat', 'positif'),
	(1202, 'menghentikan', 'positif'),
	(1203, 'menghibur', 'positif'),
	(1204, 'menghijaukan', 'positif'),
	(1205, 'menghormati', 'positif'),
	(1206, 'mengilhami', 'positif'),
	(1207, 'mengimbangi', 'positif'),
	(1208, 'mengingatkan', 'positif'),
	(1209, 'menginovasikan', 'positif'),
	(1210, 'menginsafi', 'positif'),
	(1211, 'menginsafkan', 'positif'),
	(1212, 'menginspirasi', 'positif'),
	(1213, 'menginspirasikan', 'positif'),
	(1214, 'mengisi', 'positif'),
	(1215, 'mengokohkan', 'positif'),
	(1216, 'mengoptimalkan', 'positif'),
	(1217, 'mengukuhkan', 'positif'),
	(1218, 'mengulurkan tangan', 'positif'),
	(1219, 'mengungguli', 'positif'),
	(1220, 'mengungkap', 'positif'),
	(1221, 'mengungkap kasus', 'positif'),
	(1222, 'menguntungkan', 'positif'),
	(1223, 'mengupayakan', 'positif'),
	(1224, 'mengusahakan', 'positif'),
	(1225, 'menimba ilmu', 'positif'),
	(1226, 'menindak', 'positif'),
	(1227, 'menindaklanjuti', 'positif'),
	(1228, 'meningkat', 'positif'),
	(1229, 'meningkatkan', 'positif'),
	(1230, 'menjadi sama', 'positif'),
	(1231, 'menjaga', 'positif'),
	(1232, 'menjaring', 'positif'),
	(1233, 'menjawab', 'positif'),
	(1234, 'menjembatani', 'positif'),
	(1235, 'menjernihkan', 'positif'),
	(1236, 'menjinakkan', 'positif'),
	(1237, 'menjiwai', 'positif'),
	(1238, 'menolong', 'positif'),
	(1239, 'menstabilkan', 'positif'),
	(1240, 'mensucikan', 'positif'),
	(1241, 'mensyukuri', 'positif'),
	(1242, 'mentaati', 'positif'),
	(1243, 'menunaikan', 'positif'),
	(1244, 'menunjang', 'positif'),
	(1245, 'menuntun', 'positif'),
	(1246, 'menyadari', 'positif'),
	(1247, 'menyadarkan', 'positif'),
	(1248, 'menyayangi', 'positif'),
	(1249, 'menyeimbangkan', 'positif'),
	(1250, 'menyelamatkan', 'positif'),
	(1251, 'menyelaraskan', 'positif'),
	(1252, 'menyelesaikan', 'positif'),
	(1253, 'menyesuaikan', 'positif'),
	(1254, 'menyetujui', 'positif'),
	(1255, 'menyinergikan', 'positif'),
	(1256, 'menyingkronkan', 'positif'),
	(1257, 'menyingsingkan', 'positif'),
	(1258, 'menyinkronkan', 'positif'),
	(1259, 'menyucikan', 'positif'),
	(1260, 'menyukai', 'positif'),
	(1261, 'menyukseskan', 'positif'),
	(1262, 'merahmati', 'positif'),
	(1263, 'meraih', 'positif'),
	(1264, 'merampungkan', 'positif'),
	(1265, 'merangkul', 'positif'),
	(1266, 'merapihkan', 'positif'),
	(1267, 'merapikan', 'positif'),
	(1268, 'merawat', 'positif'),
	(1269, 'merdu', 'positif'),
	(1270, 'meremajakan', 'positif'),
	(1271, 'merenungi', 'positif'),
	(1272, 'merenungkan', 'positif'),
	(1273, 'merestui', 'positif'),
	(1274, 'meriah', 'positif'),
	(1275, 'meridai', 'positif'),
	(1276, 'meridhai', 'positif'),
	(1277, 'meridhoi', 'positif'),
	(1278, 'meridoi', 'positif'),
	(1279, 'meringankan', 'positif'),
	(1280, 'merohmati', 'positif'),
	(1281, 'merukunkan', 'positif'),
	(1282, 'momentum', 'positif'),
	(1283, 'motivasi', 'positif'),
	(1284, 'mudah', 'positif'),
	(1285, 'mudah-mudahan', 'positif'),
	(1286, 'mufakat', 'positif'),
	(1287, 'mujarab', 'positif'),
	(1288, 'mujur', 'positif'),
	(1289, 'mulia', 'positif'),
	(1290, 'multi fungsi', 'positif'),
	(1291, 'multi guna', 'positif'),
	(1292, 'multifungsi', 'positif'),
	(1293, 'multiguna', 'positif'),
	(1294, 'mulus', 'positif'),
	(1295, 'mumpuni', 'positif'),
	(1296, 'murah', 'positif'),
	(1297, 'murni', 'positif'),
	(1298, 'mustajab', 'positif'),
	(1299, 'musyawarah', 'positif'),
	(1300, 'mutakhir', 'positif'),
	(1301, 'naik', 'positif'),
	(1302, 'ngetop', 'positif'),
	(1303, 'ngetren', 'positif'),
	(1304, 'nikmat', 'positif'),
	(1305, 'nilai tambah', 'positif'),
	(1306, 'nomor wahid', 'positif'),
	(1307, 'normal', 'positif'),
	(1308, 'nyaman', 'positif'),
	(1309, 'objektif', 'positif'),
	(1310, 'obyektif', 'positif'),
	(1311, 'ok', 'positif'),
	(1312, 'optimal', 'positif'),
	(1313, 'optimis', 'positif'),
	(1314, 'optimisme', 'positif'),
	(1315, 'optimistis', 'positif'),
	(1316, 'orisinal', 'positif'),
	(1317, 'orisinalitas', 'positif'),
	(1318, 'orisinil', 'positif'),
	(1319, 'pahlawan', 'positif'),
	(1320, 'pakar', 'positif'),
	(1321, 'pandai', 'positif'),
	(1322, 'pantas', 'positif'),
	(1323, 'panutan', 'positif'),
	(1324, 'patroli', 'positif'),
	(1325, 'patuh', 'positif'),
	(1326, 'peduli', 'positif'),
	(1327, 'pegangan', 'positif'),
	(1328, 'pejuang', 'positif'),
	(1329, 'pekerti', 'positif'),
	(1330, 'pelancaran', 'positif'),
	(1331, 'pelayanan', 'positif'),
	(1332, 'peleraian', 'positif'),
	(1333, 'pelestarian', 'positif'),
	(1334, 'pelipur', 'positif'),
	(1335, 'pemaaf', 'positif'),
	(1336, 'pemantapan', 'positif'),
	(1337, 'pembangunan negara', 'positif'),
	(1338, 'pembangunan umat', 'positif'),
	(1339, 'pembaruan', 'positif'),
	(1340, 'pembenahan', 'positif'),
	(1341, 'pemberdayaan', 'positif'),
	(1342, 'pembulatan tekad', 'positif'),
	(1343, 'pemeriksaan', 'positif'),
	(1344, 'pemersatu', 'positif'),
	(1345, 'pemersatuan', 'positif'),
	(1346, 'pencari ilmu', 'positif'),
	(1347, 'pencarian', 'positif'),
	(1348, 'pencerahan', 'positif'),
	(1349, 'pendidik', 'positif'),
	(1350, 'pendonasian', 'positif'),
	(1351, 'pendonor', 'positif'),
	(1352, 'penegakan', 'positif'),
	(1353, 'penemu', 'positif'),
	(1354, 'penengah', 'positif'),
	(1355, 'penerang', 'positif'),
	(1356, 'pengampunan', 'positif'),
	(1357, 'pengantisipasian', 'positif'),
	(1358, 'penganugerahan', 'positif'),
	(1359, 'pengembangan', 'positif'),
	(1360, 'pengertian', 'positif'),
	(1361, 'penggalakan', 'positif'),
	(1362, 'penggiatan', 'positif'),
	(1363, 'penggugah', 'positif'),
	(1364, 'penghargaan', 'positif'),
	(1365, 'penghijauan', 'positif'),
	(1366, 'pengoptimalan', 'positif'),
	(1367, 'peningkatan', 'positif'),
	(1368, 'penjelasan', 'positif'),
	(1369, 'penjernihan', 'positif'),
	(1370, 'penolong', 'positif'),
	(1371, 'penstabilan', 'positif'),
	(1372, 'penting', 'positif'),
	(1373, 'penuntun', 'positif'),
	(1374, 'penurut', 'positif'),
	(1375, 'penyabar', 'positif'),
	(1376, 'penyantun', 'positif'),
	(1377, 'penyantunan', 'positif'),
	(1378, 'penyatuan', 'positif'),
	(1379, 'penyayang', 'positif'),
	(1380, 'penyuksesan', 'positif'),
	(1381, 'peran kunci', 'positif'),
	(1382, 'perbaikan', 'positif'),
	(1383, 'percaya', 'positif'),
	(1384, 'perdamaian', 'positif'),
	(1385, 'perhatian', 'positif'),
	(1386, 'perkembangan', 'positif'),
	(1387, 'persahabatan', 'positif'),
	(1388, 'persaudaraan', 'positif'),
	(1389, 'pertaubatan', 'positif'),
	(1390, 'pertobatan', 'positif'),
	(1391, 'pertolongan', 'positif'),
	(1392, 'pertumbuhan', 'positif'),
	(1393, 'perundingan', 'positif'),
	(1394, 'petunjuk', 'positif'),
	(1395, 'pintar', 'positif'),
	(1396, 'populer', 'positif'),
	(1397, 'positif', 'positif'),
	(1398, 'potensi', 'positif'),
	(1399, 'potensial', 'positif'),
	(1400, 'praktis', 'positif'),
	(1401, 'preseden', 'positif'),
	(1402, 'presisi', 'positif'),
	(1403, 'prestasi', 'positif'),
	(1404, 'prestise', 'positif'),
	(1405, 'prestisius', 'positif'),
	(1406, 'prima', 'positif'),
	(1407, 'primadona', 'positif'),
	(1408, 'prioritas', 'positif'),
	(1409, 'proaktif', 'positif'),
	(1410, 'produktif', 'positif'),
	(1411, 'profesional', 'positif'),
	(1412, 'profit', 'positif'),
	(1413, 'proporsional', 'positif'),
	(1414, 'prospektif', 'positif'),
	(1415, 'proteksi', 'positif'),
	(1416, 'puas', 'positif'),
	(1417, 'pulih', 'positif'),
	(1418, 'rahman', 'positif'),
	(1419, 'rahmat', 'positif'),
	(1420, 'rajin', 'positif'),
	(1421, 'ramah', 'positif'),
	(1422, 'ramah tamah', 'positif'),
	(1423, 'rampung', 'positif'),
	(1424, 'rapi', 'positif'),
	(1425, 'rapih', 'positif'),
	(1426, 'rasional', 'positif'),
	(1427, 'rasul', 'positif'),
	(1428, 'realistis', 'positif'),
	(1429, 'reformasi', 'positif'),
	(1430, 'rekonsiliasi', 'positif'),
	(1431, 'relawan', 'positif'),
	(1432, 'relevan', 'positif'),
	(1433, 'relevansi', 'positif'),
	(1434, 'relevansinya', 'positif'),
	(1435, 'reliabel', 'positif'),
	(1436, 'renungan', 'positif'),
	(1437, 'resmi', 'positif'),
	(1438, 'responsif', 'positif'),
	(1439, 'revolusioner', 'positif'),
	(1440, 'rezeki', 'positif'),
	(1441, 'riang', 'positif'),
	(1442, 'rida', 'positif'),
	(1443, 'ridha', 'positif'),
	(1444, 'ridho', 'positif'),
	(1445, 'rido', 'positif'),
	(1446, 'rileks', 'positif'),
	(1447, 'riset', 'positif'),
	(1448, 'rohmat', 'positif'),
	(1449, 'rukun', 'positif'),
	(1450, 'rupawan', 'positif'),
	(1451, 'sabar', 'positif'),
	(1452, 'sadar', 'positif'),
	(1453, 'sakinah', 'positif'),
	(1454, 'saksama', 'positif'),
	(1455, 'saleh', 'positif'),
	(1456, 'salehah', 'positif'),
	(1457, 'saling tegur', 'positif'),
	(1458, 'salut', 'positif'),
	(1459, 'sanggup', 'positif'),
	(1460, 'santun', 'positif'),
	(1461, 'satu padu', 'positif'),
	(1462, 'sayang', 'positif'),
	(1463, 'sebaik-baiknya', 'positif'),
	(1464, 'sebesar mungkin', 'positif'),
	(1465, 'secepatnya', 'positif'),
	(1466, 'seefektif', 'positif'),
	(1467, 'seimbang', 'positif'),
	(1468, 'sejalan', 'positif'),
	(1469, 'selamat', 'positif'),
	(1470, 'selaras', 'positif'),
	(1471, 'selesai', 'positif'),
	(1472, 'selesaikan', 'positif'),
	(1473, 'semangat', 'positif'),
	(1474, 'semoga', 'positif'),
	(1475, 'senang', 'positif'),
	(1476, 'serius', 'positif'),
	(1477, 'sesuai', 'positif'),
	(1478, 'setuju', 'positif'),
	(1479, 'shaleh', 'positif'),
	(1480, 'shalehah', 'positif'),
	(1481, 'shalihah', 'positif'),
	(1482, 'sholeh', 'positif'),
	(1483, 'siap', 'positif'),
	(1484, 'silahkan', 'positif'),
	(1485, 'silaturahmi', 'positif'),
	(1486, 'simpati', 'positif'),
	(1487, 'sistematik', 'positif'),
	(1488, 'sistematis', 'positif'),
	(1489, 'siuman', 'positif'),
	(1490, 'sobat', 'positif'),
	(1491, 'sohib', 'positif'),
	(1492, 'solid', 'positif'),
	(1493, 'solidaritas', 'positif'),
	(1494, 'solider', 'positif'),
	(1495, 'solusi', 'positif'),
	(1496, 'sopan', 'positif'),
	(1497, 'sopan santun', 'positif'),
	(1498, 'sorga', 'positif'),
	(1499, 'spektakuler', 'positif'),
	(1500, 'spesial', 'positif'),
	(1501, 'sportif', 'positif'),
	(1502, 'sportivitas', 'positif'),
	(1503, 'stabil', 'positif'),
	(1504, 'steril', 'positif'),
	(1505, 'strategis', 'positif'),
	(1506, 'subsidi', 'positif'),
	(1507, 'suci', 'positif'),
	(1508, 'sudah berupaya', 'positif'),
	(1509, 'sudah berusaha', 'positif'),
	(1510, 'sudah dilakukan', 'positif'),
	(1511, 'sukaria', 'positif'),
	(1512, 'sukses', 'positif'),
	(1513, 'syukuran', 'positif'),
	(1514, 'taat', 'positif'),
	(1515, 'tahu', 'positif'),
	(1516, 'tak ada banding', 'positif'),
	(1517, 'tak ada bandingan', 'positif'),
	(1518, 'tak ada tandingan', 'positif'),
	(1519, 'talenta', 'positif'),
	(1520, 'tampan', 'positif'),
	(1521, 'tangguh', 'positif'),
	(1522, 'taubat', 'positif'),
	(1523, 'tauladan', 'positif'),
	(1524, 'tawaduk', 'positif'),
	(1525, 'tawakal', 'positif'),
	(1526, 'tegar', 'positif'),
	(1527, 'tegas', 'positif'),
	(1528, 'teguh', 'positif'),
	(1529, 'tekad', 'positif'),
	(1530, 'tekun', 'positif'),
	(1531, 'teladan', 'positif'),
	(1532, 'telah berjalan', 'positif'),
	(1533, 'tenteram', 'positif'),
	(1534, 'tentram', 'positif'),
	(1535, 'tepa salira', 'positif'),
	(1536, 'tepat guna', 'positif'),
	(1537, 'tepat sasaran', 'positif'),
	(1538, 'tepati', 'positif'),
	(1539, 'terahmati', 'positif'),
	(1540, 'terawat', 'positif'),
	(1541, 'terbaik', 'positif'),
	(1542, 'terbantu', 'positif'),
	(1543, 'terbarukan', 'positif'),
	(1544, 'terbiasa', 'positif'),
	(1545, 'terbrilian', 'positif'),
	(1546, 'tercakap', 'positif'),
	(1547, 'tercakep', 'positif'),
	(1548, 'tercanggih', 'positif'),
	(1549, 'tercangging', 'positif'),
	(1550, 'tercantik', 'positif'),
	(1551, 'tercerdas', 'positif'),
	(1552, 'terdongkrak', 'positif'),
	(1553, 'teredukasi', 'positif'),
	(1554, 'terfavorit', 'positif'),
	(1555, 'terfenomenal', 'positif'),
	(1556, 'tergapai', 'positif'),
	(1557, 'terharu', 'positif'),
	(1558, 'terhebat', 'positif'),
	(1559, 'terhibur', 'positif'),
	(1560, 'terhormat', 'positif'),
	(1561, 'terima kasih', 'positif'),
	(1562, 'terindah', 'positif'),
	(1563, 'terinformasi', 'positif'),
	(1564, 'terinspirasi', 'positif'),
	(1565, 'teristimewa', 'positif'),
	(1566, 'terjangkau', 'positif'),
	(1567, 'terkagum-kagum', 'positif'),
	(1568, 'terkasih', 'positif'),
	(1569, 'terkenal', 'positif'),
	(1570, 'terkendali', 'positif'),
	(1571, 'terkirim', 'positif'),
	(1572, 'terlezat', 'positif'),
	(1573, 'terlincah', 'positif'),
	(1574, 'termasyhur', 'positif'),
	(1575, 'termotivasi', 'positif'),
	(1576, 'ternama', 'positif'),
	(1577, 'terohmati', 'positif'),
	(1578, 'terpana', 'positif'),
	(1579, 'terpandai', 'positif'),
	(1580, 'terpandang', 'positif'),
	(1581, 'terpilih', 'positif'),
	(1582, 'terpintar', 'positif'),
	(1583, 'terpuji', 'positif'),
	(1584, 'terpukau', 'positif'),
	(1585, 'tersabar', 'positif'),
	(1586, 'tersadar', 'positif'),
	(1587, 'tersadarkan', 'positif'),
	(1588, 'tersantun', 'positif'),
	(1589, 'tersantuni', 'positif'),
	(1590, 'tersayang', 'positif'),
	(1591, 'tersipu', 'positif'),
	(1592, 'tersipu-sipu', 'positif'),
	(1593, 'tersohor', 'positif'),
	(1594, 'tersopan', 'positif'),
	(1595, 'terspektakuler', 'positif'),
	(1596, 'terstruktur', 'positif'),
	(1597, 'tersuci', 'positif'),
	(1598, 'tersucikan', 'positif'),
	(1599, 'tersukses', 'positif'),
	(1600, 'tertaat', 'positif'),
	(1601, 'tertampan', 'positif'),
	(1602, 'tertib', 'positif'),
	(1603, 'tertolong', 'positif'),
	(1604, 'teruji', 'positif'),
	(1605, 'terungkap', 'positif'),
	(1606, 'terurus', 'positif'),
	(1607, 'terus terang', 'positif'),
	(1608, 'tetap di sini', 'positif'),
	(1609, 'tiada banding', 'positif'),
	(1610, 'tiada bandingan', 'positif'),
	(1611, 'tiada tandingan', 'positif'),
	(1612, 'tidak ada banding', 'positif'),
	(1613, 'tidak ada bandingan', 'positif'),
	(1614, 'tidak ada tandingan', 'positif'),
	(1615, 'toleran', 'positif'),
	(1616, 'toleransi', 'positif'),
	(1617, 'tolong-menolong', 'positif'),
	(1618, 'trofi', 'positif'),
	(1619, 'tropi', 'positif'),
	(1620, 'tulus', 'positif'),
	(1621, 'tuntas', 'positif'),
	(1622, 'tuntun', 'positif'),
	(1623, 'tuntunan', 'positif'),
	(1624, 'ukhuwah', 'positif'),
	(1625, 'ulet', 'positif'),
	(1626, 'unggul', 'positif'),
	(1627, 'unggulan', 'positif'),
	(1628, 'unik', 'positif'),
	(1629, 'usulan bersama', 'positif'),
	(1630, 'usulan masyarakat', 'positif'),
	(1631, 'valid', 'positif'),
	(1632, 'visibel', 'positif'),
	(1633, 'wah', 'positif'),
	(1634, 'wajar', 'positif'),
	(1635, 'wajar-wajar', 'positif'),
	(1636, 'wibawa', 'positif'),
	(1637, 'yahud', 'positif'),
	(1638, 'yakin', 'positif'),
	(1639, 'accord', 'positif'),
	(1640, 'asyik', 'positif'),
	(1641, 'asyiknya', 'positif'),
	(1642, 'bantuan', 'positif'),
	(1643, 'bimbingan', 'positif'),
	(1644, 'aduhai', 'positif'),
	(1645, 'boleh juga', 'positif'),
	(1646, 'luar biasa', 'positif'),
	(1647, 'sabar', 'positif'),
	(1648, 'keren', 'positif'),
	(1649, 'cakep', 'positif'),
	(1650, 'senang', 'positif'),
	(1651, 'maaf', 'positif'),
	(1652, 'minta maaf', 'positif'),
	(1653, 'sehat', 'positif'),
	(1654, 'suka', 'positif'),
	(1655, 'cinta', 'positif'),
	(1656, 'dimaafkan', 'positif'),
	(1657, 'dikejar', 'positif'),
	(1658, 'tidak apa-apa', 'positif'),
	(1659, 'cepat sembuh', 'positif'),
	(1660, 'jago', 'positif'),
	(1661, 'imut', 'positif'),
	(1662, 'jujur', 'positif'),
	(1663, 'adil', 'positif'),
	(1664, 'lucu', 'positif'),
	(1665, 'terima kasih', 'positif'),
	(1666, 'sehat', 'positif'),
	(1667, 'manis', 'positif'),
	(1668, 'mantap', 'positif'),
	(1669, 'lebih baik', 'positif'),
	(1670, 'mengaku', 'positif'),
	(1671, 'profesional', 'positif'),
	(1672, 'nyaman', 'positif'),
	(1673, 'rezeki', 'positif'),
	(1674, 'setuju', 'positif'),
	(1675, 'sumbangan', 'positif'),
	(1676, 'amal', 'positif'),
	(1677, 'menggemaskan', 'positif'),
	(1678, 'boleh juga', 'positif'),
	(1679, 'inkonsisten', 'negatif'),
	(1680, 'porno', 'negatif'),
	(1681, 'teroris', 'negatif'),
	(1682, 'sesat', 'negatif'),
	(1683, 'tuntut', 'negatif'),
	(1684, 'leceh', 'negatif'),
	(1685, 'hina', 'negatif'),
	(1686, 'kasar', 'negatif'),
	(1687, 'kalah', 'negatif'),
	(1688, 'nista', 'negatif'),
	(1689, 'pelecehan', 'negatif'),
	(1690, 'palsu', 'negatif'),
	(1691, 'memelintir', 'negatif'),
	(1692, 'plintiran', 'negatif'),
	(1693, 'porno', 'negatif'),
	(1694, 'ahoker', 'negatif'),
	(1695, 'hancur', 'negatif'),
	(1696, 'hanya', 'negatif'),
	(1697, 'cuma', 'negatif'),
	(1698, 'tangkap', 'negatif'),
	(1699, 'kurang', 'negatif'),
	(1700, 'salah', 'negatif'),
	(1701, 'sabotase', 'negatif'),
	(1702, 'akting', 'negatif'),
	(1703, 'jahat', 'negatif'),
	(1704, 'lapor', 'negatif'),
	(1705, 'bukan', 'negatif'),
	(1706, 'tidak', 'negatif'),
	(1707, 'fitnah', 'negatif'),
	(1708, 'haram', 'negatif'),
	(1709, 'hapus', 'negatif'),
	(1710, 'serang', 'negatif'),
	(1711, 'seram', 'negatif'),
	(1712, 'intimidasi', 'negatif'),
	(1713, 'gusur', 'negatif'),
	(1714, 'arogan', 'negatif'),
	(1715, 'kafir', 'negatif'),
	(1716, 'korupsi', 'negatif'),
	(1717, 'pidana', 'negatif'),
	(1718, 'tersangka', 'negatif'),
	(1719, 'koruptor', 'negatif'),
	(1720, 'zalim', 'negatif'),
	(1721, 'semu', 'negatif'),
	(1722, 'retorika', 'negatif'),
	(1723, 'busuk', 'negatif'),
	(1724, 'nista', 'negatif'),
	(1725, 'tipu', 'negatif'),
	(1726, 'cukong', 'negatif'),
	(1727, 'reklamasi', 'negatif'),
	(1728, 'ganda', 'negatif'),
	(1729, 'usir', 'negatif'),
	(1730, 'demo', 'negatif'),
	(1731, 'paksa', 'negatif'),
	(1732, 'banjir', 'negatif'),
	(1733, 'macet', 'negatif'),
	(1734, 'kumuh', 'negatif'),
	(1735, 'sengaja', 'negatif'),
	(1736, 'sengak', 'negatif'),
	(1737, 'rusuh', 'negatif'),
	(1738, 'jilat', 'negatif'),
	(1739, 'mangkal', 'negatif'),
	(1740, 'mati', 'negatif'),
	(1741, 'hipnotis', 'negatif'),
	(1742, 'bugil', 'negatif'),
	(1743, 'bacot', 'negatif'),
	(1744, 'seteru', 'negatif'),
	(1745, 'karma', 'negatif'),
	(1746, 'buzzer', 'negatif'),
	(1747, 'buang', 'negatif'),
	(1748, 'bual', 'negatif'),
	(1749, 'setor', 'negatif'),
	(1750, 'ngelunjak', 'negatif'),
	(1751, 'sikut', 'negatif'),
	(1752, 'ciut', 'negatif'),
	(1753, 'ledak', 'negatif'),
	(1754, 'emosi', 'negatif'),
	(1755, 'tahan', 'negatif'),
	(1756, 'penjara', 'negatif'),
	(1757, 'kandang', 'negatif'),
	(1758, 'kontol', 'negatif'),
	(1759, 'anjing', 'negatif'),
	(1760, 'bodoh', 'negatif'),
	(1761, 'iblis', 'negatif'),
	(1762, 'setan', 'negatif'),
	(1763, 'umpat', 'negatif'),
	(1764, 'benci', 'negatif'),
	(1765, 'harimau', 'negatif'),
	(1766, 'musuh', 'negatif'),
	(1767, 'miskin', 'negatif'),
	(1768, 'bugil', 'negatif'),
	(1769, 'gantung', 'negatif'),
	(1770, 'panik', 'negatif'),
	(1771, 'marah', 'negatif'),
	(1772, 'sara', 'negatif'),
	(1773, 'jajah', 'negatif'),
	(1774, 'bodong', 'negatif'),
	(1775, 'rendah', 'negatif'),
	(1776, 'fpi', 'negatif'),
	(1777, 'kecut', 'negatif'),
	(1778, 'lambat', 'negatif'),
	(1779, 'risih', 'negatif'),
	(1780, 'klaim', 'negatif'),
	(1781, 'hitam', 'negatif'),
	(1782, 'tikus', 'negatif'),
	(1783, 'pusing', 'negatif'),
	(1784, 'lemas', 'negatif'),
	(1785, 'lelah', 'negatif'),
	(1786, 'homo', 'negatif'),
	(1787, 'pecundang', 'negatif'),
	(1788, 'serbu', 'negatif'),
	(1789, 'lempar', 'negatif'),
	(1790, 'pukul', 'negatif'),
	(1791, 'tendang', 'negatif'),
	(1792, 'hajar', 'negatif'),
	(1793, 'ngelindur', 'negatif'),
	(1794, 'bunuh', 'negatif'),
	(1795, 'maut', 'negatif'),
	(1796, 'bandel', 'negatif'),
	(1797, 'bandit', 'negatif'),
	(1798, 'curang', 'negatif'),
	(1799, 'tuding', 'negatif'),
	(1800, 'hilang', 'negatif'),
	(1801, 'uap', 'negatif'),
	(1802, 'fiktif', 'negatif'),
	(1803, 'ancam', 'negatif'),
	(1804, 'apatis', 'negatif'),
	(1805, 'anarkis', 'negatif'),
	(1806, 'aneh', 'negatif'),
	(1807, 'asal', 'negatif'),
	(1808, 'bahaya', 'negatif'),
	(1809, 'buruk', 'negatif'),
	(1810, 'berisik', 'negatif'),
	(1811, 'bacok', 'negatif'),
	(1812, 'bangkai', 'negatif'),
	(1813, 'bangsat', 'negatif'),
	(1814, 'bantai', 'negatif'),
	(1815, 'barbar', 'negatif'),
	(1816, 'basi', 'negatif'),
	(1817, 'batal', 'negatif'),
	(1818, 'bengis', 'negatif'),
	(1819, 'preman', 'negatif'),
	(1820, 'dosa', 'negatif'),
	(1821, 'dusta', 'negatif'),
	(1822, 'judi', 'negatif'),
	(1823, 'kelit', 'negatif'),
	(1824, 'laut', 'negatif'),
	(1825, 'reklamasi', 'negatif'),
	(1826, 'pantai', 'negatif'),
	(1827, 'sumber', 'negatif'),
	(1828, 'waras', 'negatif'),
	(1829, 'khianat', 'negatif'),
	(1830, 'kolusi', 'negatif'),
	(1831, 'mewah', 'negatif'),
	(1832, 'nafsu', 'negatif'),
	(1833, 'noda', 'negatif'),
	(1834, 'pecah', 'negatif'),
	(1835, 'lubang', 'negatif'),
	(1836, 'tabrak', 'negatif'),
	(1837, 'bogem', 'negatif'),
	(1838, 'tikai', 'negatif'),
	(1839, 'biadab', 'negatif'),
	(1840, 'blokir', 'negatif'),
	(1841, 'bocor', 'negatif'),
	(1842, 'boikot', 'negatif'),
	(1843, 'larang', 'negatif'),
	(1844, 'lari', 'negatif'),
	(1845, 'bohong', 'negatif'),
	(1846, 'buron', 'negatif'),
	(1847, 'buyar', 'negatif'),
	(1848, 'cacat', 'negatif'),
	(1849, 'caplok', 'negatif'),
	(1850, 'catut', 'negatif'),
	(1851, 'cekal', 'negatif'),
	(1852, 'cela', 'negatif'),
	(1853, 'celaka', 'negatif'),
	(1854, 'cemas', 'negatif'),
	(1855, 'cemberut', 'negatif'),
	(1856, 'miring', 'negatif'),
	(1857, 'cengeng', 'negatif'),
	(1858, 'cerca', 'negatif'),
	(1859, 'ceroboh', 'negatif'),
	(1860, 'congkak', 'negatif'),
	(1861, 'contek', 'negatif'),
	(1862, 'copet', 'negatif'),
	(1863, 'petisi', 'negatif'),
	(1864, 'curi', 'negatif'),
	(1865, 'curiga', 'negatif'),
	(1866, 'dakwa', 'negatif'),
	(1867, 'damprat', 'negatif'),
	(1868, 'defisit', 'negatif'),
	(1869, 'dendam', 'negatif'),
	(1870, 'dengki', 'negatif'),
	(1871, 'derita', 'negatif'),
	(1872, 'desak', 'negatif'),
	(1873, 'hasut', 'negatif'),
	(1874, 'jarah', 'negatif'),
	(1875, 'jegal', 'negatif'),
	(1876, 'kacau', 'negatif'),
	(1877, 'kutuk', 'negatif'),
	(1878, 'paksa', 'negatif'),
	(1879, 'pecat', 'negatif'),
	(1880, 'protes', 'negatif'),
	(1881, 'rekayasa', 'negatif'),
	(1882, 'rumit', 'negatif'),
	(1883, 'santet', 'negatif'),
	(1884, 'galau', 'negatif'),
	(1885, 'gamang', 'negatif'),
	(1886, 'ganas', 'negatif'),
	(1887, 'genting', 'negatif'),
	(1888, 'irasional', 'negatif'),
	(1889, 'instan', 'negatif'),
	(1890, 'kandas', 'negatif'),
	(1891, 'balik', 'negatif'),
	(1892, 'balikin', 'negatif'),
	(1893, 'kalap', 'negatif'),
	(1894, 'kecewa', 'negatif'),
	(1895, 'kedok', 'negatif'),
	(1896, 'mundur', 'negatif'),
	(1897, 'konfil', 'negatif'),
	(1898, 'kutuk', 'negatif'),
	(1899, 'labil', 'negatif'),
	(1900, 'lalai', 'negatif'),
	(1901, 'pungli', 'negatif'),
	(1902, 'lengser', 'negatif'),
	(1903, 'makar', 'negatif'),
	(1904, 'maki', 'negatif'),
	(1905, 'lumpuh', 'negatif'),
	(1906, 'mafia', 'negatif'),
	(1907, 'mentah', 'negatif'),
	(1908, 'malas', 'negatif'),
	(1909, 'maksiat', 'negatif'),
	(1910, 'mangkir', 'negatif'),
	(1911, 'firaun', 'negatif'),
	(1912, 'dalang', 'negatif'),
	(1913, 'minus', 'negatif'),
	(1914, 'mogok', 'negatif'),
	(1915, 'mudharat', 'negatif'),
	(1916, 'murtad', 'negatif'),
	(1917, 'musnah', 'negatif'),
	(1918, 'mustahil', 'negatif'),
	(1919, 'musyrik', 'negatif'),
	(1920, 'nahas', 'negatif'),
	(1921, 'najis', 'negatif'),
	(1922, 'narapidana', 'negatif'),
	(1923, 'narkoba', 'negatif'),
	(1924, 'negatif', 'negatif'),
	(1925, 'neraka', 'negatif'),
	(1926, 'ngacir', 'negatif'),
	(1927, 'nihil', 'negatif'),
	(1928, 'oleng', 'negatif'),
	(1929, 'otoriter', 'negatif'),
	(1930, 'pedih', 'negatif'),
	(1931, 'pongah', 'negatif'),
	(1932, 'prasangka', 'negatif'),
	(1933, 'prihatin', 'negatif'),
	(1934, 'masalah', 'negatif'),
	(1935, 'pupus', 'negatif'),
	(1936, 'ragu', 'negatif'),
	(1937, 'rakus', 'negatif'),
	(1938, 'radikal', 'negatif'),
	(1939, 'rancu', 'negatif'),
	(1940, 'rawan', 'negatif'),
	(1941, 'remeh', 'negatif'),
	(1942, 'rentan', 'negatif'),
	(1943, 'roboh', 'negatif'),
	(1944, 'riya', 'negatif'),
	(1945, 'rusak', 'negatif'),
	(1946, 'sajen', 'negatif'),
	(1947, 'sakit', 'negatif'),
	(1948, 'sangkal', 'negatif'),
	(1949, 'sanksi', 'negatif'),
	(1950, 'sangsi', 'negatif'),
	(1951, 'santet', 'negatif'),
	(1952, 'sekptis', 'negatif'),
	(1953, 'sembarang', 'negatif'),
	(1954, 'siluman', 'negatif'),
	(1955, 'siksa', 'negatif'),
	(1956, 'sindir', 'negatif'),
	(1957, 'sita', 'negatif'),
	(1958, 'sinis', 'negatif'),
	(1959, 'sindikat', 'negatif'),
	(1960, 'sesumbar', 'negatif'),
	(1961, 'sengketa', 'negatif'),
	(1962, 'somasi', 'negatif'),
	(1963, 'sombong', 'negatif'),
	(1964, 'sontoloyo', 'negatif'),
	(1965, 'stagnan', 'negatif'),
	(1966, 'suap', 'negatif'),
	(1967, 'kamiahok', 'negatif'),
	(1968, 'sundal', 'negatif'),
	(1969, 'suram', 'negatif'),
	(1970, 'tega', 'negatif'),
	(1971, 'lantar', 'negatif'),
	(1972, 'tiran', 'negatif'),
	(1973, 'tipikor', 'negatif'),
	(1974, 'timpang', 'negatif'),
	(1975, 'tilap', 'negatif'),
	(1976, 'tiru', 'negatif'),
	(1977, 'todong', 'negatif'),
	(1978, 'waspada', 'negatif'),
	(1979, 'telan', 'negatif'),
	(1980, 'perbaiki', 'negatif'),
	(1981, 'segini', 'negatif'),
	(1982, 'kucingkurap', 'negatif'),
	(1983, 'seimankucingkurap', 'negatif'),
	(1984, 'nyengir', 'negatif'),
	(1985, 'acak-acakan', 'negatif'),
	(1986, 'adu', 'negatif'),
	(1987, 'adu domba', 'negatif'),
	(1988, 'aib', 'negatif'),
	(1989, 'akal bulus', 'negatif'),
	(1990, 'alasan saja', 'negatif'),
	(1991, 'alibi', 'negatif'),
	(1992, 'aliran', 'negatif'),
	(1993, 'amatir', 'negatif'),
	(1994, 'ambisi', 'negatif'),
	(1995, 'ambisius', 'negatif'),
	(1996, 'ambruk', 'negatif'),
	(1997, 'amburadul', 'negatif'),
	(1998, 'ampas', 'negatif'),
	(1999, 'amputasi', 'negatif'),
	(2000, 'amuk', 'negatif'),
	(2001, 'anarkis', 'negatif'),
	(2002, 'ancam', 'negatif'),
	(2003, 'ancaman', 'negatif'),
	(2004, 'aneh', 'negatif'),
	(2005, 'angin kencang', 'negatif'),
	(2006, 'apa boleh buat', 'negatif'),
	(2007, 'apatis', 'negatif'),
	(2008, 'asal', 'negatif'),
	(2009, 'babak belur', 'negatif'),
	(2010, 'bacokan', 'negatif'),
	(2011, 'bagaimana mau', 'negatif'),
	(2012, 'bagaimana mungkin', 'negatif'),
	(2013, 'bahaya', 'negatif'),
	(2014, 'bahayakan', 'negatif'),
	(2015, 'bakteri', 'negatif'),
	(2016, 'baku hantam', 'negatif'),
	(2017, 'balas dendam', 'negatif'),
	(2018, 'bandel', 'negatif'),
	(2019, 'bangkai', 'negatif'),
	(2020, 'bangkrut', 'negatif'),
	(2021, 'bangsat', 'negatif'),
	(2022, 'banjir', 'negatif'),
	(2023, 'bantah', 'negatif'),
	(2024, 'bantai', 'negatif'),
	(2025, 'banyak cincong', 'negatif'),
	(2026, 'banyak cingcong', 'negatif'),
	(2027, 'banyak pertanyaan', 'negatif'),
	(2028, 'banyak tingkah', 'negatif'),
	(2029, 'barbar', 'negatif'),
	(2030, 'barbarisme', 'negatif'),
	(2031, 'basi', 'negatif'),
	(2032, 'batal', 'negatif'),
	(2033, 'batalkan', 'negatif'),
	(2034, 'batuk-batuk', 'negatif'),
	(2035, 'bawah tangan', 'negatif'),
	(2036, 'bebal', 'negatif'),
	(2037, 'beber', 'negatif'),
	(2038, 'bekeluyuran', 'negatif'),
	(2039, 'bekoar', 'negatif'),
	(2040, 'belingsatan', 'negatif'),
	(2041, 'belum begitu dekat', 'negatif'),
	(2042, 'bencana', 'negatif'),
	(2043, 'bengis', 'negatif'),
	(2044, 'bengkak', 'negatif'),
	(2045, 'beracun', 'negatif'),
	(2046, 'berakal bulus', 'negatif'),
	(2047, 'beralkohol', 'negatif'),
	(2048, 'berantakan', 'negatif'),
	(2049, 'berbahaya', 'negatif'),
	(2050, 'berbanding terbalik', 'negatif'),
	(2051, 'berbantah-bantahan', 'negatif'),
	(2052, 'berbantahan', 'negatif'),
	(2053, 'berbelit-belit', 'negatif'),
	(2054, 'berbenturan', 'negatif'),
	(2055, 'berbohong', 'negatif'),
	(2056, 'berborok', 'negatif'),
	(2057, 'bercampur aduk', 'negatif'),
	(2058, 'berdaki', 'negatif'),
	(2059, 'berdalih', 'negatif'),
	(2060, 'berdarah', 'negatif'),
	(2061, 'berdarah dingin', 'negatif'),
	(2062, 'berdebat', 'negatif'),
	(2063, 'berdemo', 'negatif'),
	(2064, 'berdemonstrasi', 'negatif'),
	(2065, 'berdesak-desakan', 'negatif'),
	(2066, 'berdesakan', 'negatif'),
	(2067, 'berdosa', 'negatif'),
	(2068, 'berduka cita', 'negatif'),
	(2069, 'berdusta', 'negatif'),
	(2070, 'beresiko', 'negatif'),
	(2071, 'berfoya-foya', 'negatif'),
	(2072, 'bergelandangan', 'negatif'),
	(2073, 'bergentayangan', 'negatif'),
	(2074, 'bergidik', 'negatif'),
	(2075, 'bergontok-gontokan', 'negatif'),
	(2076, 'bergontokan', 'negatif'),
	(2077, 'bergosip', 'negatif'),
	(2078, 'bergunjing', 'negatif'),
	(2079, 'berhamburan', 'negatif'),
	(2080, 'berhantu', 'negatif'),
	(2081, 'berhura-hura', 'negatif'),
	(2082, 'berhutang', 'negatif'),
	(2083, 'beriba-iba', 'negatif'),
	(2084, 'berimbas', 'negatif'),
	(2085, 'berimpitan', 'negatif'),
	(2086, 'beringas', 'negatif'),
	(2087, 'berisik', 'negatif'),
	(2088, 'berisiko', 'negatif'),
	(2089, 'berjangkit', 'negatif'),
	(2090, 'berjatuhan', 'negatif'),
	(2091, 'berjejal', 'negatif'),
	(2092, 'berjudi', 'negatif'),
	(2093, 'berkabung', 'negatif'),
	(2094, 'berkacak pinggang', 'negatif'),
	(2095, 'berkasak-kusuk', 'negatif'),
	(2096, 'berkecamuk', 'negatif'),
	(2097, 'berkecil hati', 'negatif'),
	(2098, 'berkedok', 'negatif'),
	(2099, 'berkelahi', 'negatif'),
	(2100, 'berkelainan', 'negatif'),
	(2101, 'berkeliaran', 'negatif'),
	(2102, 'berkelit', 'negatif'),
	(2103, 'berkeluyuran', 'negatif'),
	(2104, 'berkerut', 'negatif'),
	(2105, 'berkhalwat', 'negatif'),
	(2106, 'berkhianat', 'negatif'),
	(2107, 'berkilah', 'negatif'),
	(2108, 'berkoar', 'negatif'),
	(2109, 'berkoar-koar', 'negatif'),
	(2110, 'berkolusi', 'negatif'),
	(2111, 'berkomplot', 'negatif'),
	(2112, 'berkonflik', 'negatif'),
	(2113, 'berkongkalikong', 'negatif'),
	(2114, 'berkotor-kotor', 'negatif'),
	(2115, 'berkuman', 'negatif'),
	(2116, 'berkunang-kunang', 'negatif'),
	(2117, 'berkutu', 'negatif'),
	(2118, 'berlagak', 'negatif'),
	(2119, 'berlawanan', 'negatif'),
	(2120, 'berlebih-lebihan', 'negatif'),
	(2121, 'berlebihan', 'negatif'),
	(2122, 'berleha-leha', 'negatif'),
	(2123, 'berliku', 'negatif'),
	(2124, 'berliku-liku', 'negatif'),
	(2125, 'berlinang', 'negatif'),
	(2126, 'berlinangan', 'negatif'),
	(2127, 'berlubang', 'negatif'),
	(2128, 'berlubang-lubang', 'negatif'),
	(2129, 'bermadat', 'negatif'),
	(2130, 'bermadu', 'negatif'),
	(2131, 'bermasalah', 'negatif'),
	(2132, 'bermegah-megah', 'negatif'),
	(2133, 'bermesum', 'negatif'),
	(2134, 'bermewah-mewah', 'negatif'),
	(2135, 'bermewah-mewahan', 'negatif'),
	(2136, 'bermuram', 'negatif'),
	(2137, 'bermusuhan', 'negatif'),
	(2138, 'bernafsu', 'negatif'),
	(2139, 'bernoda', 'negatif'),
	(2140, 'berolok-olok', 'negatif'),
	(2141, 'berpaling', 'negatif'),
	(2142, 'berpangku tangan', 'negatif'),
	(2143, 'berpecah belah', 'negatif'),
	(2144, 'berpenyakit', 'negatif'),
	(2145, 'berpidana', 'negatif'),
	(2146, 'berpisah', 'negatif'),
	(2147, 'berpolemik', 'negatif'),
	(2148, 'berpongah-pongah', 'negatif'),
	(2149, 'berprasangka', 'negatif'),
	(2150, 'berprasangka buruk', 'negatif'),
	(2151, 'berpretensi', 'negatif'),
	(2152, 'berpropaganda', 'negatif'),
	(2153, 'berpura-pura', 'negatif'),
	(2154, 'berpusing-pusing', 'negatif'),
	(2155, 'bersalah', 'negatif'),
	(2156, 'bersandiwara', 'negatif'),
	(2157, 'bersikut-sikutan', 'negatif'),
	(2158, 'bersikutan', 'negatif'),
	(2159, 'bersilang sengketa', 'negatif'),
	(2160, 'bersilangan', 'negatif'),
	(2161, 'bersilat lidah', 'negatif'),
	(2162, 'bersimpang siur', 'negatif'),
	(2163, 'bersinggungan', 'negatif'),
	(2164, 'bersitegang', 'negatif'),
	(2165, 'berspekulasi', 'negatif'),
	(2166, 'bersungut', 'negatif'),
	(2167, 'bersungut-sungut', 'negatif'),
	(2168, 'bersusah hati', 'negatif'),
	(2169, 'bersyubhat', 'negatif'),
	(2170, 'bertabrakan', 'negatif'),
	(2171, 'bertanggung jawab', 'negatif'),
	(2172, 'bertele-tele', 'negatif'),
	(2173, 'bertengkar', 'negatif'),
	(2174, 'bertentangan', 'negatif'),
	(2175, 'berteriak', 'negatif'),
	(2176, 'berteriak-teriak', 'negatif'),
	(2177, 'bertikai', 'negatif'),
	(2178, 'bertingkah', 'negatif'),
	(2179, 'bertubrukan', 'negatif'),
	(2180, 'bertumpang tindih', 'negatif'),
	(2181, 'bertumpang-tindih', 'negatif'),
	(2182, 'berulah', 'negatif'),
	(2183, 'berulat', 'negatif'),
	(2184, 'berunjuk rasa', 'negatif'),
	(2185, 'berurusan', 'negatif'),
	(2186, 'berusuh', 'negatif'),
	(2187, 'berutang', 'negatif'),
	(2188, 'berzina', 'negatif'),
	(2189, 'berzinah', 'negatif'),
	(2190, 'biadab', 'negatif'),
	(2191, 'biang keladi', 'negatif'),
	(2192, 'biang kerusuhan', 'negatif'),
	(2193, 'biangnya', 'negatif'),
	(2194, 'bimbang', 'negatif'),
	(2195, 'binasa', 'negatif'),
	(2196, 'bingung', 'negatif'),
	(2197, 'bintik', 'negatif'),
	(2198, 'blak-blakan', 'negatif'),
	(2199, 'blokir', 'negatif'),
	(2200, 'bocor', 'negatif'),
	(2201, 'bocoran', 'negatif'),
	(2202, 'bodoh', 'negatif'),
	(2203, 'bogem', 'negatif'),
	(2204, 'bohong', 'negatif'),
	(2205, 'boikot', 'negatif'),
	(2206, 'bokek', 'negatif'),
	(2207, 'bolak-balik', 'negatif'),
	(2208, 'bolong-bolong', 'negatif'),
	(2209, 'bolos', 'negatif'),
	(2210, 'bom', 'negatif'),
	(2211, 'bombardir', 'negatif'),
	(2212, 'bordil', 'negatif'),
	(2213, 'borgol', 'negatif'),
	(2214, 'borjuis', 'negatif'),
	(2215, 'boro-boro', 'negatif'),
	(2216, 'borok', 'negatif'),
	(2217, 'borokan', 'negatif'),
	(2218, 'boros', 'negatif'),
	(2219, 'bosan', 'negatif'),
	(2220, 'bt', 'negatif'),
	(2221, 'bual', 'negatif'),
	(2222, 'bualan', 'negatif'),
	(2223, 'buangan', 'negatif'),
	(2224, 'buas', 'negatif'),
	(2225, 'bukan-bukan', 'negatif'),
	(2226, 'buku hitam', 'negatif'),
	(2227, 'bulan tua', 'negatif'),
	(2228, 'bulan-bulanan', 'negatif'),
	(2229, 'bulukan', 'negatif'),
	(2230, 'bungkam', 'negatif'),
	(2231, 'buntu', 'negatif'),
	(2232, 'bunuh', 'negatif'),
	(2233, 'bunuh diri', 'negatif'),
	(2234, 'buron', 'negatif'),
	(2235, 'buronan', 'negatif'),
	(2236, 'buruh kasar', 'negatif'),
	(2237, 'buruk', 'negatif'),
	(2238, 'buruk sangka', 'negatif'),
	(2239, 'busuk', 'negatif'),
	(2240, 'busung lapar', 'negatif'),
	(2241, 'buta huruf', 'negatif'),
	(2242, 'butut', 'negatif'),
	(2243, 'buyar', 'negatif'),
	(2244, 'cabik', 'negatif'),
	(2245, 'cabul', 'negatif'),
	(2246, 'cacat', 'negatif'),
	(2247, 'caci', 'negatif'),
	(2248, 'caci maki', 'negatif'),
	(2249, 'cacian', 'negatif'),
	(2250, 'cacing', 'negatif'),
	(2251, 'campur aduk', 'negatif'),
	(2252, 'candu', 'negatif'),
	(2253, 'canggung', 'negatif'),
	(2254, 'cape', 'negatif'),
	(2255, 'cape hati', 'negatif'),
	(2256, 'capek', 'negatif'),
	(2257, 'capek hati', 'negatif'),
	(2258, 'caplok', 'negatif'),
	(2259, 'cari muka', 'negatif'),
	(2260, 'cari saja sendiri', 'negatif'),
	(2261, 'cari sendiri', 'negatif'),
	(2262, 'cari-cari kesalahan', 'negatif'),
	(2263, 'carut', 'negatif'),
	(2264, 'carut-marut', 'negatif'),
	(2265, 'catut', 'negatif'),
	(2266, 'catutan', 'negatif'),
	(2267, 'cecar', 'negatif'),
	(2268, 'cecaran', 'negatif'),
	(2269, 'cedera', 'negatif'),
	(2270, 'cek kosong', 'negatif'),
	(2271, 'cekak', 'negatif'),
	(2272, 'cekal', 'negatif'),
	(2273, 'cekcok', 'negatif'),
	(2274, 'cela', 'negatif'),
	(2275, 'celaan', 'negatif'),
	(2276, 'celaka', 'negatif'),
	(2277, 'cemarkan', 'negatif'),
	(2278, 'cemas', 'negatif'),
	(2279, 'cemaskan', 'negatif'),
	(2280, 'cemberut', 'negatif'),
	(2281, 'cemburu', 'negatif'),
	(2282, 'cemburuan', 'negatif'),
	(2283, 'cengeng', 'negatif'),
	(2284, 'cerai', 'negatif'),
	(2285, 'cerai-berai', 'negatif'),
	(2286, 'cercaan', 'negatif'),
	(2287, 'ceroboh', 'negatif'),
	(2288, 'cibir', 'negatif'),
	(2289, 'cibiran', 'negatif'),
	(2290, 'cidera', 'negatif'),
	(2291, 'cincong', 'negatif'),
	(2292, 'colong', 'negatif'),
	(2293, 'comel', 'negatif'),
	(2294, 'comelan', 'negatif'),
	(2295, 'compang-camping', 'negatif'),
	(2296, 'congkak', 'negatif'),
	(2297, 'contek', 'negatif'),
	(2298, 'contekan', 'negatif'),
	(2299, 'copet', 'negatif'),
	(2300, 'coreng', 'negatif'),
	(2301, 'coreng-moreng', 'negatif'),
	(2302, 'cuci otak', 'negatif'),
	(2303, 'cuci uang', 'negatif'),
	(2304, 'culik', 'negatif'),
	(2305, 'cuma', 'negatif'),
	(2306, 'curang', 'negatif'),
	(2307, 'curi', 'negatif'),
	(2308, 'curian', 'negatif'),
	(2309, 'curiga', 'negatif'),
	(2310, 'curigaan', 'negatif'),
	(2311, 'dablek', 'negatif'),
	(2312, 'dadakan', 'negatif'),
	(2313, 'daftar hitam', 'negatif'),
	(2314, 'daif', 'negatif'),
	(2315, 'dajal', 'negatif'),
	(2316, 'daki', 'negatif'),
	(2317, 'dakwa', 'negatif'),
	(2318, 'dakwaan', 'negatif'),
	(2319, 'dalih', 'negatif'),
	(2320, 'dampak', 'negatif'),
	(2321, 'damprat', 'negatif'),
	(2322, 'dampratan', 'negatif'),
	(2323, 'dana talangan', 'negatif'),
	(2324, 'darah dingin', 'negatif'),
	(2325, 'darah tinggi', 'negatif'),
	(2326, 'dauf', 'negatif'),
	(2327, 'defisit', 'negatif'),
	(2328, 'degenerasi', 'negatif'),
	(2329, 'degeneratif', 'negatif'),
	(2330, 'degradasi', 'negatif'),
	(2331, 'dehidrasi', 'negatif'),
	(2332, 'dekil', 'negatif'),
	(2333, 'demo', 'negatif'),
	(2334, 'demonstran', 'negatif'),
	(2335, 'demonstrasi', 'negatif'),
	(2336, 'demoralisasi', 'negatif'),
	(2337, 'dendam', 'negatif'),
	(2338, 'dendam kesumat', 'negatif'),
	(2339, 'dengki', 'negatif'),
	(2340, 'deportasi', 'negatif'),
	(2341, 'derita', 'negatif'),
	(2342, 'desak', 'negatif'),
	(2343, 'desakan', 'negatif'),
	(2344, 'desas-desus', 'negatif'),
	(2345, 'destruksi', 'negatif'),
	(2346, 'detonasi', 'negatif'),
	(2347, 'detonator', 'negatif'),
	(2348, 'deviasi', 'negatif'),
	(2349, 'dhaif', 'negatif'),
	(2350, 'dhalim', 'negatif'),
	(2351, 'dholim', 'negatif'),
	(2352, 'dhuafa', 'negatif'),
	(2353, 'di bawah sadar', 'negatif'),
	(2354, 'di bawah umur', 'negatif'),
	(2355, 'diabaikan', 'negatif'),
	(2356, 'diacak-acak', 'negatif'),
	(2357, 'diadili', 'negatif'),
	(2358, 'diadu domba', 'negatif'),
	(2359, 'diadudombakan', 'negatif'),
	(2360, 'diam-diam', 'negatif'),
	(2361, 'diamankan', 'negatif'),
	(2362, 'diamlah', 'negatif'),
	(2363, 'diancam', 'negatif'),
	(2364, 'diawasi', 'negatif'),
	(2365, 'dibacok', 'negatif'),
	(2366, 'dibakar', 'negatif'),
	(2367, 'dibanding-bandingkan', 'negatif'),
	(2368, 'dibangkrutkan', 'negatif'),
	(2369, 'dibantah', 'negatif'),
	(2370, 'dibantai', 'negatif'),
	(2371, 'dibatalkan', 'negatif'),
	(2372, 'dibatasi', 'negatif'),
	(2373, 'dibawa kabur', 'negatif'),
	(2374, 'dibawa-bawa', 'negatif'),
	(2375, 'dibayang-bayangi', 'negatif'),
	(2376, 'dibebankan', 'negatif'),
	(2377, 'dibeberkan', 'negatif'),
	(2378, 'dibeda-bedakan', 'negatif'),
	(2379, 'dibelenggu', 'negatif'),
	(2380, 'dibinasakan', 'negatif'),
	(2381, 'diblokir', 'negatif'),
	(2382, 'dibocorkan', 'negatif'),
	(2383, 'dibodohi', 'negatif'),
	(2384, 'dibohongi', 'negatif'),
	(2385, 'diboikot', 'negatif'),
	(2386, 'dibom', 'negatif'),
	(2387, 'dibombardir', 'negatif'),
	(2388, 'diborgol', 'negatif'),
	(2389, 'dibuang', 'negatif'),
	(2390, 'dibuat lagi', 'negatif'),
	(2391, 'dibuat-buat', 'negatif'),
	(2392, 'dibubarkan', 'negatif'),
	(2393, 'dibungkam', 'negatif'),
	(2394, 'dibunuh', 'negatif'),
	(2395, 'dibutakan', 'negatif'),
	(2396, 'dibuyarkan', 'negatif'),
	(2397, 'dicabik', 'negatif'),
	(2398, 'dicabik-canik', 'negatif'),
	(2399, 'dicabuli', 'negatif'),
	(2400, 'dicaci', 'negatif'),
	(2401, 'dicaci maki', 'negatif'),
	(2402, 'dicambuk', 'negatif'),
	(2403, 'dicampakkan', 'negatif'),
	(2404, 'dicampur aduk', 'negatif'),
	(2405, 'dicampuradukkan', 'negatif'),
	(2406, 'dicaplok', 'negatif'),
	(2407, 'dicatut', 'negatif'),
	(2408, 'dicecar', 'negatif'),
	(2409, 'dicekal', 'negatif'),
	(2410, 'dicekam', 'negatif'),
	(2411, 'dicekik', 'negatif'),
	(2412, 'dicela', 'negatif'),
	(2413, 'dicelakai', 'negatif'),
	(2414, 'dicemari', 'negatif'),
	(2415, 'dicemaskan', 'negatif'),
	(2416, 'dicemburui', 'negatif'),
	(2417, 'dicerca', 'negatif'),
	(2418, 'dicibir', 'negatif'),
	(2419, 'dicolong', 'negatif'),
	(2420, 'dicontek', 'negatif'),
	(2421, 'dicopet', 'negatif'),
	(2422, 'dicopot', 'negatif'),
	(2423, 'dicoreng', 'negatif'),
	(2424, 'dicuci otak', 'negatif'),
	(2425, 'dicurangi', 'negatif'),
	(2426, 'dicuri', 'negatif'),
	(2427, 'dicurigai', 'negatif'),
	(2428, 'didakwa', 'negatif'),
	(2429, 'didakwakan', 'negatif'),
	(2430, 'didalangi', 'negatif'),
	(2431, 'didamprat', 'negatif'),
	(2432, 'didepak', 'negatif'),
	(2433, 'dideportasi', 'negatif'),
	(2434, 'didera', 'negatif'),
	(2435, 'didesak', 'negatif'),
	(2436, 'didesas-desuskan', 'negatif'),
	(2437, 'didhalimi', 'negatif'),
	(2438, 'didholimi', 'negatif'),
	(2439, 'didikte', 'negatif'),
	(2440, 'didiskreditkan', 'negatif'),
	(2441, 'didiskriminasi', 'negatif'),
	(2442, 'didiskriminasikan', 'negatif'),
	(2443, 'didiskualifikasi', 'negatif'),
	(2444, 'didiskualifikasikan', 'negatif'),
	(2445, 'diduai', 'negatif'),
	(2446, 'diduakan', 'negatif'),
	(2447, 'diduga', 'negatif'),
	(2448, 'diduga-duga', 'negatif'),
	(2449, 'didustai', 'negatif'),
	(2450, 'didustakan', 'negatif'),
	(2451, 'didzalimi', 'negatif'),
	(2452, 'dieksekusi', 'negatif'),
	(2453, 'dieksploitasi', 'negatif'),
	(2454, 'diekspos', 'negatif'),
	(2455, 'dieliminasi', 'negatif'),
	(2456, 'diempaskan', 'negatif'),
	(2457, 'dienyahkan', 'negatif'),
	(2458, 'difitnah', 'negatif'),
	(2459, 'diforsir', 'negatif'),
	(2460, 'digampangkan', 'negatif'),
	(2461, 'digampar', 'negatif'),
	(2462, 'diganggu', 'negatif'),
	(2463, 'diganggu-gugat', 'negatif'),
	(2464, 'diganjal', 'negatif'),
	(2465, 'diganjar', 'negatif'),
	(2466, 'digasak', 'negatif'),
	(2467, 'digauli', 'negatif'),
	(2468, 'digebuk', 'negatif'),
	(2469, 'digebuki', 'negatif'),
	(2470, 'digedor', 'negatif'),
	(2471, 'digedor-gedor', 'negatif'),
	(2472, 'digegerkan', 'negatif'),
	(2473, 'digelandang', 'negatif'),
	(2474, 'digelapkan', 'negatif'),
	(2475, 'digembar-gemborkan', 'negatif'),
	(2476, 'digemparkan', 'negatif'),
	(2477, 'digempur', 'negatif'),
	(2478, 'digencet', 'negatif'),
	(2479, 'digentayangi', 'negatif'),
	(2480, 'digerayangi', 'negatif'),
	(2481, 'digerebek', 'negatif'),
	(2482, 'digerecoki', 'negatif'),
	(2483, 'digerepe', 'negatif'),
	(2484, 'digerogoti', 'negatif'),
	(2485, 'digertak', 'negatif'),
	(2486, 'digondol', 'negatif'),
	(2487, 'digorok', 'negatif'),
	(2488, 'digosipkan', 'negatif'),
	(2489, 'digrecoki', 'negatif'),
	(2490, 'digugat', 'negatif'),
	(2491, 'digugurkan', 'negatif'),
	(2492, 'digulingkan', 'negatif'),
	(2493, 'diguna-guna', 'negatif'),
	(2494, 'diguna-gunai', 'negatif'),
	(2495, 'diguncang', 'negatif'),
	(2496, 'digunjingkan', 'negatif'),
	(2497, 'digusur', 'negatif'),
	(2498, 'dihabisi', 'negatif'),
	(2499, 'dihadang', 'negatif'),
	(2500, 'dihajar', 'negatif'),
	(2501, 'dihalang', 'negatif'),
	(2502, 'dihalang-halangi', 'negatif'),
	(2503, 'dihalangi', 'negatif'),
	(2504, 'dihambat', 'negatif'),
	(2505, 'dihambur-hamburkan', 'negatif'),
	(2506, 'dihamburkan', 'negatif'),
	(2507, 'dihancurkan', 'negatif'),
	(2508, 'dihancurleburkan', 'negatif'),
	(2509, 'dihanguskan', 'negatif'),
	(2510, 'dihantam', 'negatif'),
	(2511, 'dihantui', 'negatif'),
	(2512, 'diharamkan', 'negatif'),
	(2513, 'dihardik', 'negatif'),
	(2514, 'dihasut', 'negatif'),
	(2515, 'dihempas', 'negatif'),
	(2516, 'dihempaskan', 'negatif'),
	(2517, 'dihina', 'negatif'),
	(2518, 'dihujat', 'negatif'),
	(2519, 'dihukum', 'negatif'),
	(2520, 'diisolasi', 'negatif'),
	(2521, 'dijajah', 'negatif'),
	(2522, 'dijambak', 'negatif'),
	(2523, 'dijambret', 'negatif'),
	(2524, 'dijangkiti', 'negatif'),
	(2525, 'dijarah', 'negatif'),
	(2526, 'dijebak', 'negatif'),
	(2527, 'dijebloskan', 'negatif'),
	(2528, 'dijegal', 'negatif'),
	(2529, 'dijerat', 'negatif'),
	(2530, 'dijiplak', 'negatif'),
	(2531, 'dikacaubalaukan', 'negatif'),
	(2532, 'dikacaukan', 'negatif'),
	(2533, 'dikafirkan', 'negatif'),
	(2534, 'dikalahkan', 'negatif'),
	(2535, 'dikambinghitamkan', 'negatif'),
	(2536, 'dikasari', 'negatif'),
	(2537, 'dikata-katai', 'negatif'),
	(2538, 'dikatai', 'negatif'),
	(2539, 'dikebiri', 'negatif'),
	(2540, 'dikecam', 'negatif'),
	(2541, 'dikecewakan', 'negatif'),
	(2542, 'dikejar-kejar', 'negatif'),
	(2543, 'dikekang', 'negatif'),
	(2544, 'dikelabui', 'negatif'),
	(2545, 'dikeluhkan', 'negatif'),
	(2546, 'dikemplang', 'negatif'),
	(2547, 'dikenai biaya', 'negatif'),
	(2548, 'dikenakan biaya', 'negatif'),
	(2549, 'dikentutin', 'negatif'),
	(2550, 'dikerangkeng', 'negatif'),
	(2551, 'dikerdilkan', 'negatif'),
	(2552, 'dikeroyok', 'negatif'),
	(2553, 'dikeruhkan', 'negatif'),
	(2554, 'dikesalkan', 'negatif'),
	(2555, 'dikesampingkan', 'negatif'),
	(2556, 'dikhawatirkan', 'negatif'),
	(2557, 'dikhianati', 'negatif'),
	(2558, 'dikibuli', 'negatif'),
	(2559, 'dikompori', 'negatif'),
	(2560, 'dikontaminasi', 'negatif'),
	(2561, 'dikorbankan', 'negatif'),
	(2562, 'dikorup', 'negatif'),
	(2563, 'dikorupsi', 'negatif'),
	(2564, 'dikotori', 'negatif'),
	(2565, 'dikritik', 'negatif'),
	(2566, 'diktator', 'negatif'),
	(2567, 'dikucilkan', 'negatif'),
	(2568, 'dikufurkan', 'negatif'),
	(2569, 'dikungkung', 'negatif'),
	(2570, 'dikuntit', 'negatif'),
	(2571, 'dikurangi', 'negatif'),
	(2572, 'dikurung', 'negatif'),
	(2573, 'dikutuk', 'negatif'),
	(2574, 'dilabrak', 'negatif'),
	(2575, 'dilacurkan', 'negatif'),
	(2576, 'dilaknat', 'negatif'),
	(2577, 'dilalaikan', 'negatif'),
	(2578, 'dilambat-lambatkan', 'negatif'),
	(2579, 'dilampiaskan', 'negatif'),
	(2580, 'dilanda', 'negatif'),
	(2581, 'dilanggar', 'negatif'),
	(2582, 'dilarang', 'negatif'),
	(2583, 'dilawan', 'negatif'),
	(2584, 'dilebih-lebihkan', 'negatif'),
	(2585, 'dilecehkan', 'negatif'),
	(2586, 'diledakkan', 'negatif'),
	(2587, 'diledek', 'negatif'),
	(2588, 'diledeki', 'negatif'),
	(2589, 'dilema', 'negatif'),
	(2590, 'dilemahkan', 'negatif'),
	(2591, 'dilematik', 'negatif'),
	(2592, 'dilematis', 'negatif'),
	(2593, 'dilenyapkan', 'negatif'),
	(2594, 'dilindas', 'negatif'),
	(2595, 'dilucuti', 'negatif'),
	(2596, 'diludahi', 'negatif'),
	(2597, 'dilukai', 'negatif'),
	(2598, 'dilumpuhkan', 'negatif'),
	(2599, 'dilupakan', 'negatif'),
	(2600, 'dimabuk', 'negatif'),
	(2601, 'dimaki', 'negatif'),
	(2602, 'dimandulkan', 'negatif'),
	(2603, 'dimanipulasi', 'negatif'),
	(2604, 'dimanipulasikan', 'negatif'),
	(2605, 'dimarahi', 'negatif'),
	(2606, 'dimonopoli', 'negatif'),
	(2607, 'dimuntahkan', 'negatif'),
	(2608, 'dimusuhi', 'negatif'),
	(2609, 'dimutilasi', 'negatif'),
	(2610, 'dinamit', 'negatif'),
	(2611, 'dinistakan', 'negatif'),
	(2612, 'dinodai', 'negatif'),
	(2613, 'diobrak-abrik', 'negatif'),
	(2614, 'diombang-ambing', 'negatif'),
	(2615, 'diomeli', 'negatif'),
	(2616, 'dipaksa', 'negatif'),
	(2617, 'dipaksakan', 'negatif'),
	(2618, 'dipalak', 'negatif'),
	(2619, 'dipalaki', 'negatif'),
	(2620, 'dipalsukan', 'negatif'),
	(2621, 'dipanas-panasi', 'negatif'),
	(2622, 'dipancung', 'negatif'),
	(2623, 'dipasung', 'negatif'),
	(2624, 'dipecat', 'negatif'),
	(2625, 'diperbudak', 'negatif'),
	(2626, 'diperburuk', 'negatif'),
	(2627, 'diperdaya', 'negatif'),
	(2628, 'diperdebatkan', 'negatif'),
	(2629, 'diperepot', 'negatif'),
	(2630, 'diperkosa', 'negatif'),
	(2631, 'diperlama', 'negatif'),
	(2632, 'diperlambat', 'negatif'),
	(2633, 'diperlemah', 'negatif'),
	(2634, 'dipermasalahkan', 'negatif'),
	(2635, 'diperparah', 'negatif'),
	(2636, 'dipersadis', 'negatif'),
	(2637, 'dipersakit', 'negatif'),
	(2638, 'dipersalah', 'negatif'),
	(2639, 'dipersalahkan', 'negatif'),
	(2640, 'dipersoalkan', 'negatif'),
	(2641, 'dipersukar', 'negatif'),
	(2642, 'dipersulit', 'negatif'),
	(2643, 'dipersuram', 'negatif'),
	(2644, 'dipersusah', 'negatif'),
	(2645, 'dipertakut', 'negatif'),
	(2646, 'dipertaruhkan', 'negatif'),
	(2647, 'dipertarungkan', 'negatif'),
	(2648, 'dipertegang', 'negatif'),
	(2649, 'dipertengkarkan', 'negatif'),
	(2650, 'diperumit', 'negatif'),
	(2651, 'diperusuh', 'negatif'),
	(2652, 'dipidana', 'negatif'),
	(2653, 'dipidanakan', 'negatif'),
	(2654, 'dipinggirkan', 'negatif'),
	(2655, 'dipojokkan', 'negatif'),
	(2656, 'dipreteli', 'negatif'),
	(2657, 'dipropaganda', 'negatif'),
	(2658, 'diprotes', 'negatif'),
	(2659, 'diprovokasi', 'negatif'),
	(2660, 'dipukul', 'negatif'),
	(2661, 'dipukuli', 'negatif'),
	(2662, 'dipulangkan', 'negatif'),
	(2663, 'dipungut', 'negatif'),
	(2664, 'dipungut iuran', 'negatif'),
	(2665, 'dipungut uang', 'negatif'),
	(2666, 'dipusingkan', 'negatif'),
	(2667, 'diracun', 'negatif'),
	(2668, 'diracuni', 'negatif'),
	(2669, 'diragukan', 'negatif'),
	(2670, 'dirajam', 'negatif'),
	(2671, 'dirampas', 'negatif'),
	(2672, 'dirampok', 'negatif'),
	(2673, 'diratapi', 'negatif'),
	(2674, 'dirazia', 'negatif'),
	(2675, 'direkayasa', 'negatif'),
	(2676, 'diremehkan', 'negatif'),
	(2677, 'direndahkan', 'negatif'),
	(2678, 'direnggut', 'negatif'),
	(2679, 'direpotkan', 'negatif'),
	(2680, 'diresahkan', 'negatif'),
	(2681, 'diributkan', 'negatif'),
	(2682, 'diringkus', 'negatif'),
	(2683, 'dirobek', 'negatif'),
	(2684, 'dirobek-robek', 'negatif'),
	(2685, 'dirobohkan', 'negatif'),
	(2686, 'dirongrong', 'negatif'),
	(2687, 'dirugikan', 'negatif'),
	(2688, 'dirumahkan', 'negatif'),
	(2689, 'dirumitkan', 'negatif'),
	(2690, 'dirundung', 'negatif'),
	(2691, 'dirunyamkan', 'negatif'),
	(2692, 'dirusak', 'negatif'),
	(2693, 'dirusakkan', 'negatif'),
	(2694, 'diruwetkan', 'negatif'),
	(2695, 'disabotase', 'negatif'),
	(2696, 'disadap', 'negatif'),
	(2697, 'disakiti', 'negatif'),
	(2698, 'disalahartikan', 'negatif'),
	(2699, 'disalahgunakan', 'negatif'),
	(2700, 'disalahkan', 'negatif'),
	(2701, 'disamarkan', 'negatif'),
	(2702, 'disambar', 'negatif'),
	(2703, 'disambit', 'negatif'),
	(2704, 'disandera', 'negatif'),
	(2705, 'disanggah', 'negatif'),
	(2706, 'disangka', 'negatif'),
	(2707, 'disangkal', 'negatif'),
	(2708, 'disangkutpautkan', 'negatif'),
	(2709, 'disangsikan', 'negatif'),
	(2710, 'disantet', 'negatif'),
	(2711, 'disatroni', 'negatif'),
	(2712, 'disayangkan', 'negatif'),
	(2713, 'disayat', 'negatif'),
	(2714, 'disayat-sayat', 'negatif'),
	(2715, 'disfungsi', 'negatif'),
	(2716, 'disharmoni', 'negatif'),
	(2717, 'disia-siakan', 'negatif'),
	(2718, 'disidang', 'negatif'),
	(2719, 'disiden', 'negatif'),
	(2720, 'disidik', 'negatif'),
	(2721, 'disiksa', 'negatif'),
	(2722, 'disikut', 'negatif'),
	(2723, 'disilet', 'negatif'),
	(2724, 'disindir', 'negatif'),
	(2725, 'disinggung', 'negatif'),
	(2726, 'disingkirkan', 'negatif'),
	(2727, 'disintegrasi', 'negatif'),
	(2728, 'disinyalir', 'negatif'),
	(2729, 'disisihkan', 'negatif'),
	(2730, 'disita', 'negatif'),
	(2731, 'diskors', 'negatif'),
	(2732, 'diskotek', 'negatif'),
	(2733, 'diskotik', 'negatif'),
	(2734, 'diskredit', 'negatif'),
	(2735, 'diskriminasi', 'negatif'),
	(2736, 'diskriminatif', 'negatif'),
	(2737, 'diskualifikasi', 'negatif'),
	(2738, 'disobek', 'negatif'),
	(2739, 'disobek-sobek', 'negatif'),
	(2740, 'disodomi', 'negatif'),
	(2741, 'disogok', 'negatif'),
	(2742, 'disomasi', 'negatif'),
	(2743, 'disombongkan', 'negatif'),
	(2744, 'disorder', 'negatif'),
	(2745, 'distorsi', 'negatif'),
	(2746, 'distreskan', 'negatif'),
	(2747, 'disuap', 'negatif'),
	(2748, 'disudutkan', 'negatif'),
	(2749, 'disulut', 'negatif'),
	(2750, 'disumpahi', 'negatif'),
	(2751, 'disumpel', 'negatif'),
	(2752, 'disundut', 'negatif'),
	(2753, 'disusahi', 'negatif'),
	(2754, 'disusahkan', 'negatif'),
	(2755, 'disusupi', 'negatif'),
	(2756, 'disusupkan', 'negatif'),
	(2757, 'disusutkan', 'negatif'),
	(2758, 'ditabok', 'negatif'),
	(2759, 'ditabrak', 'negatif'),
	(2760, 'ditagih', 'negatif'),
	(2761, 'ditahan', 'negatif'),
	(2762, 'ditakut-takuti', 'negatif'),
	(2763, 'ditakuti', 'negatif'),
	(2764, 'ditalak', 'negatif'),
	(2765, 'ditampar', 'negatif'),
	(2766, 'ditangisi', 'negatif'),
	(2767, 'ditangkap', 'negatif'),
	(2768, 'ditawan', 'negatif'),
	(2769, 'ditekan', 'negatif'),
	(2770, 'ditelan mentah-mentah', 'negatif'),
	(2771, 'ditelanjangi', 'negatif'),
	(2772, 'ditelantarkan', 'negatif'),
	(2773, 'ditembaki', 'negatif'),
	(2774, 'ditempeleng', 'negatif'),
	(2775, 'ditentang', 'negatif'),
	(2776, 'diteriaki', 'negatif'),
	(2777, 'diterjang', 'negatif'),
	(2778, 'diteror', 'negatif'),
	(2779, 'ditertawai', 'negatif'),
	(2780, 'ditertawakan', 'negatif'),
	(2781, 'ditewaskan', 'negatif'),
	(2782, 'ditiduri', 'negatif'),
	(2783, 'ditikam', 'negatif'),
	(2784, 'ditilang', 'negatif'),
	(2785, 'ditilap', 'negatif'),
	(2786, 'ditilep', 'negatif'),
	(2787, 'ditimpa', 'negatif'),
	(2788, 'ditimpakan', 'negatif'),
	(2789, 'ditimpuk', 'negatif'),
	(2790, 'ditimpuki', 'negatif'),
	(2791, 'ditindas', 'negatif'),
	(2792, 'ditinggalkan', 'negatif'),
	(2793, 'ditinjau lagi', 'negatif'),
	(2794, 'ditinju', 'negatif'),
	(2795, 'ditipu', 'negatif'),
	(2796, 'ditiru-tiru', 'negatif'),
	(2797, 'ditodong', 'negatif'),
	(2798, 'ditolak', 'negatif'),
	(2799, 'ditomboki', 'negatif'),
	(2800, 'ditonjok', 'negatif'),
	(2801, 'ditoyor', 'negatif'),
	(2802, 'dituding', 'negatif'),
	(2803, 'dituduh', 'negatif'),
	(2804, 'dituduhkan', 'negatif'),
	(2805, 'ditulari', 'negatif'),
	(2806, 'ditularkan', 'negatif'),
	(2807, 'ditumbalkan', 'negatif'),
	(2808, 'ditumpulkan', 'negatif'),
	(2809, 'ditunda', 'negatif'),
	(2810, 'ditunda-tunda', 'negatif'),
	(2811, 'ditunggangi', 'negatif'),
	(2812, 'dituntut', 'negatif'),
	(2813, 'diturunkan', 'negatif'),
	(2814, 'ditusuk', 'negatif'),
	(2815, 'ditusuk-tusuk', 'negatif'),
	(2816, 'ditutup-tutupi', 'negatif'),
	(2817, 'ditutupi', 'negatif'),
	(2818, 'diurungkan', 'negatif'),
	(2819, 'diusik', 'negatif'),
	(2820, 'diusir', 'negatif'),
	(2821, 'dizalimi', 'negatif'),
	(2822, 'dizinahi', 'negatif'),
	(2823, 'dizinai', 'negatif'),
	(2824, 'dobrak', 'negatif'),
	(2825, 'dompleng', 'negatif'),
	(2826, 'don juang', 'negatif'),
	(2827, 'dongkol', 'negatif'),
	(2828, 'dosa', 'negatif'),
	(2829, 'dugaan', 'negatif'),
	(2830, 'duka', 'negatif'),
	(2831, 'duka cita', 'negatif'),
	(2832, 'dukun', 'negatif'),
	(2833, 'dumping', 'negatif'),
	(2834, 'dungu', 'negatif'),
	(2835, 'dunia hitam', 'negatif'),
	(2836, 'durhaka', 'negatif'),
	(2837, 'durhana', 'negatif'),
	(2838, 'dusta', 'negatif'),
	(2839, 'dzalim', 'negatif'),
	(2840, 'ecek-ecek', 'negatif'),
	(2841, 'edan', 'negatif'),
	(2842, 'edan-edanan', 'negatif'),
	(2843, 'egois', 'negatif'),
	(2844, 'egoisme', 'negatif'),
	(2845, 'egoistis', 'negatif'),
	(2846, 'ekshibisionis', 'negatif'),
	(2847, 'ekshibisionisme', 'negatif'),
	(2848, 'eksploitasi', 'negatif'),
	(2849, 'eksplosif', 'negatif'),
	(2850, 'ekspos', 'negatif'),
	(2851, 'ekstasi', 'negatif'),
	(2852, 'ekstrem', 'negatif'),
	(2853, 'ekstrim', 'negatif'),
	(2854, 'elak', 'negatif'),
	(2855, 'eliminasi', 'negatif'),
	(2856, 'emang', 'negatif'),
	(2857, 'embat', 'negatif'),
	(2858, 'embel-embel', 'negatif'),
	(2859, 'emghantam', 'negatif'),
	(2860, 'emoh', 'negatif'),
	(2861, 'emosi', 'negatif'),
	(2862, 'emosional', 'negatif'),
	(2863, 'empet', 'negatif'),
	(2864, 'enak saja', 'negatif'),
	(2865, 'endemi', 'negatif'),
	(2866, 'eneg', 'negatif'),
	(2867, 'enek', 'negatif'),
	(2868, 'engap', 'negatif'),
	(2869, 'enggan', 'negatif'),
	(2870, 'entah', 'negatif'),
	(2871, 'enyah', 'negatif'),
	(2872, 'enyahkan', 'negatif'),
	(2873, 'epidemi', 'negatif'),
	(2874, 'epilepsi', 'negatif'),
	(2875, 'erangan', 'negatif'),
	(2876, 'eror', 'negatif'),
	(2877, 'erosi', 'negatif'),
	(2878, 'erotik', 'negatif'),
	(2879, 'erotis', 'negatif'),
	(2880, 'erpusi', 'negatif'),
	(2881, 'error', 'negatif'),
	(2882, 'fakir', 'negatif'),
	(2883, 'fals', 'negatif'),
	(2884, 'fanatik', 'negatif'),
	(2885, 'fanatisme', 'negatif'),
	(2886, 'fasad', 'negatif'),
	(2887, 'fasakh', 'negatif'),
	(2888, 'fasik', 'negatif'),
	(2889, 'fasis', 'negatif'),
	(2890, 'fasisme', 'negatif'),
	(2891, 'fatal', 'negatif'),
	(2892, 'feodal', 'negatif'),
	(2893, 'feodalisme', 'negatif'),
	(2894, 'fiktif', 'negatif'),
	(2895, 'fitnah', 'negatif'),
	(2896, 'fitnahan', 'negatif'),
	(2897, 'formalin', 'negatif'),
	(2898, 'formalitas', 'negatif'),
	(2899, 'forsir', 'negatif'),
	(2900, 'foya-foya', 'negatif'),
	(2901, 'friksi', 'negatif'),
	(2902, 'frontal', 'negatif'),
	(2903, 'frustasi', 'negatif'),
	(2904, 'gaduh', 'negatif'),
	(2905, 'gadungan', 'negatif'),
	(2906, 'gagal', 'negatif'),
	(2907, 'galak', 'negatif'),
	(2908, 'galau', 'negatif'),
	(2909, 'gamang', 'negatif'),
	(2910, 'gampangan', 'negatif'),
	(2911, 'gampar', 'negatif'),
	(2912, 'ganas', 'negatif'),
	(2913, 'ganggu', 'negatif'),
	(2914, 'ganggu gugat', 'negatif'),
	(2915, 'gangguan', 'negatif'),
	(2916, 'gangster', 'negatif'),
	(2917, 'ganja', 'negatif'),
	(2918, 'ganjalan', 'negatif'),
	(2919, 'ganjen', 'negatif'),
	(2920, 'ganjil', 'negatif'),
	(2921, 'gap', 'negatif'),
	(2922, 'gaptek', 'negatif'),
	(2923, 'gara-gara', 'negatif'),
	(2924, 'garong', 'negatif'),
	(2925, 'gasab', 'negatif'),
	(2926, 'gasak', 'negatif'),
	(2927, 'gawat', 'negatif'),
	(2928, 'geblek', 'negatif'),
	(2929, 'gebuk', 'negatif'),
	(2930, 'gedebak-gedebuk', 'negatif'),
	(2931, 'gedor', 'negatif'),
	(2932, 'gegabah', 'negatif'),
	(2933, 'geger', 'negatif'),
	(2934, 'gejala', 'negatif'),
	(2935, 'gelagap', 'negatif'),
	(2936, 'gelagapan', 'negatif'),
	(2937, 'gelagat', 'negatif'),
	(2938, 'gelandangan', 'negatif'),
	(2939, 'gelap', 'negatif'),
	(2940, 'geledah', 'negatif'),
	(2941, 'gelepar', 'negatif'),
	(2942, 'geletak', 'negatif'),
	(2943, 'gelisah', 'negatif'),
	(2944, 'gelonggong', 'negatif'),
	(2945, 'gelonggongan', 'negatif'),
	(2946, 'gembar-gembor', 'negatif'),
	(2947, 'gembel', 'negatif'),
	(2948, 'gemblung', 'negatif'),
	(2949, 'gembong', 'negatif'),
	(2950, 'gembos', 'negatif'),
	(2951, 'gembrot', 'negatif'),
	(2952, 'gembul', 'negatif'),
	(2953, 'gemetar', 'negatif'),
	(2954, 'gempa', 'negatif'),
	(2955, 'gempar', 'negatif'),
	(2956, 'gempor', 'negatif'),
	(2957, 'gempur', 'negatif'),
	(2958, 'gempuran', 'negatif'),
	(2959, 'gendeng', 'negatif'),
	(2960, 'genderuwo', 'negatif'),
	(2961, 'geng', 'negatif'),
	(2962, 'genosida', 'negatif'),
	(2963, 'gentayangan', 'negatif'),
	(2964, 'genting', 'negatif'),
	(2965, 'gep', 'negatif'),
	(2966, 'gerabak-gerubuk', 'negatif'),
	(2967, 'gerah', 'negatif'),
	(2968, 'geram', 'negatif'),
	(2969, 'geraman', 'negatif'),
	(2970, 'gerayan', 'negatif'),
	(2971, 'gerebek', 'negatif'),
	(2972, 'gerecok', 'negatif'),
	(2973, 'germo', 'negatif'),
	(2974, 'gerogot', 'negatif'),
	(2975, 'gerombol', 'negatif'),
	(2976, 'gerombolan', 'negatif'),
	(2977, 'gersang', 'negatif'),
	(2978, 'gertak', 'negatif'),
	(2979, 'gertakan', 'negatif'),
	(2980, 'gerutu', 'negatif'),
	(2981, 'getir', 'negatif'),
	(2982, 'gibah', 'negatif'),
	(2983, 'gigolo', 'negatif'),
	(2984, 'gila', 'negatif'),
	(2985, 'goblok', 'negatif'),
	(2986, 'gombal', 'negatif'),
	(2987, 'gombalan', 'negatif'),
	(2988, 'gondok', 'negatif'),
	(2989, 'gondol', 'negatif'),
	(2990, 'gonjang-ganjing', 'negatif'),
	(2991, 'gonore', 'negatif'),
	(2992, 'gonta-ganti', 'negatif'),
	(2993, 'gontok-gontokan', 'negatif'),
	(2994, 'gores', 'negatif'),
	(2995, 'gorok', 'negatif'),
	(2996, 'gosip', 'negatif'),
	(2997, 'gosong', 'negatif'),
	(2998, 'goyah', 'negatif'),
	(2999, 'gracok', 'negatif'),
	(3000, 'grogi', 'negatif'),
	(3001, 'gugat', 'negatif'),
	(3002, 'gugatan', 'negatif'),
	(3003, 'gugup', 'negatif'),
	(3004, 'gulana', 'negatif'),
	(3005, 'gulma', 'negatif'),
	(3006, 'guna-guna', 'negatif'),
	(3007, 'gundah', 'negatif'),
	(3008, 'gundah gulana', 'negatif'),
	(3009, 'gundik', 'negatif'),
	(3010, 'gunjing', 'negatif'),
	(3011, 'gunjingan', 'negatif'),
	(3012, 'gusar', 'negatif'),
	(3013, 'hajar', 'negatif'),
	(3014, 'halangan', 'negatif'),
	(3015, 'halusinasi', 'negatif'),
	(3016, 'hama', 'negatif'),
	(3017, 'hambat', 'negatif'),
	(3018, 'hambatan', 'negatif'),
	(3019, 'hambur', 'negatif'),
	(3020, 'hancur', 'negatif'),
	(3021, 'hancur lebur', 'negatif'),
	(3022, 'hancur-hancuran', 'negatif'),
	(3023, 'hangus', 'negatif'),
	(3024, 'hantam', 'negatif'),
	(3025, 'hantaman', 'negatif'),
	(3026, 'hantu', 'negatif'),
	(3027, 'hanya', 'negatif'),
	(3028, 'hanyut', 'negatif'),
	(3029, 'haram', 'negatif'),
	(3030, 'hardik', 'negatif'),
	(3031, 'hardikan', 'negatif'),
	(3032, 'harusnya', 'negatif'),
	(3033, 'hasad', 'negatif'),
	(3034, 'hasud', 'negatif'),
	(3035, 'hasut', 'negatif'),
	(3036, 'hasutan', 'negatif'),
	(3037, 'hedonis', 'negatif'),
	(3038, 'hedonisme', 'negatif'),
	(3039, 'hengkang', 'negatif'),
	(3040, 'heran', 'negatif'),
	(3041, 'heroin', 'negatif'),
	(3042, 'herpes', 'negatif'),
	(3043, 'hilang', 'negatif'),
	(3044, 'himpitan', 'negatif'),
	(3045, 'hina', 'negatif'),
	(3046, 'hinaan', 'negatif'),
	(3047, 'hingar-bingar', 'negatif'),
	(3048, 'hiperaktif', 'negatif'),
	(3049, 'hiperbol', 'negatif'),
	(3050, 'hiperbola', 'negatif'),
	(3051, 'hiperbolis', 'negatif'),
	(3052, 'hiperseksual', 'negatif'),
	(3053, 'hipersensitif', 'negatif'),
	(3054, 'hipokrit', 'negatif'),
	(3055, 'homoseks', 'negatif'),
	(3056, 'homoseksual', 'negatif'),
	(3057, 'horor', 'negatif'),
	(3058, 'hostes', 'negatif'),
	(3059, 'hujan lebat', 'negatif'),
	(3060, 'hujat', 'negatif'),
	(3061, 'hujatan', 'negatif'),
	(3062, 'hukuman', 'negatif'),
	(3063, 'hura-hura', 'negatif'),
	(3064, 'hutang', 'negatif'),
	(3065, 'iblis', 'negatif'),
	(3066, 'idiot', 'negatif'),
	(3067, 'ilegal', 'negatif'),
	(3068, 'imbak', 'negatif'),
	(3069, 'imbal', 'negatif'),
	(3070, 'imbas', 'negatif'),
	(3071, 'imitasi', 'negatif'),
	(3072, 'imitatif', 'negatif'),
	(3073, 'imitator', 'negatif'),
	(3074, 'impase', 'negatif'),
	(3075, 'imperfek', 'negatif'),
	(3076, 'imperialis', 'negatif'),
	(3077, 'imperialisme', 'negatif'),
	(3078, 'impitan', 'negatif'),
	(3079, 'impor', 'negatif'),
	(3080, 'impoten', 'negatif'),
	(3081, 'impotensi', 'negatif'),
	(3082, 'impulsif', 'negatif'),
	(3083, 'inadaptabilitas', 'negatif'),
	(3084, 'inca', 'negatif'),
	(3085, 'indisipliner', 'negatif'),
	(3086, 'individualisme', 'negatif'),
	(3087, 'individualistis', 'negatif'),
	(3088, 'indoktrinasi', 'negatif'),
	(3089, 'indolen', 'negatif'),
	(3090, 'inefisiensi', 'negatif'),
	(3091, 'infeksi', 'negatif'),
	(3092, 'inferior', 'negatif'),
	(3093, 'inferioritas', 'negatif'),
	(3094, 'infertil', 'negatif'),
	(3095, 'infertilitas', 'negatif'),
	(3096, 'inflasi', 'negatif'),
	(3097, 'infleksibilitas', 'negatif'),
	(3098, 'ingkar', 'negatif'),
	(3099, 'inkarsunah', 'negatif'),
	(3100, 'inkompatibel', 'negatif'),
	(3101, 'inkonsisten', 'negatif'),
	(3102, 'inkonsistensi', 'negatif'),
	(3103, 'inlander', 'negatif'),
	(3104, 'inses', 'negatif'),
	(3105, 'insiden', 'negatif'),
	(3106, 'insinuasi', 'negatif'),
	(3107, 'instabilitas', 'negatif'),
	(3108, 'internir', 'negatif'),
	(3109, 'interupsi', 'negatif'),
	(3110, 'intimidasi', 'negatif'),
	(3111, 'intimidatif', 'negatif'),
	(3112, 'intoleran', 'negatif'),
	(3113, 'intrik', 'negatif'),
	(3114, 'invalid', 'negatif'),
	(3115, 'irasional', 'negatif'),
	(3116, 'irasionalitas', 'negatif'),
	(3117, 'iri', 'negatif'),
	(3118, 'iri hati', 'negatif'),
	(3119, 'ironi', 'negatif'),
	(3120, 'ironis', 'negatif'),
	(3121, 'isak', 'negatif'),
	(3122, 'isolasi', 'negatif'),
	(3123, 'istan', 'negatif'),
	(3124, 'isu', 'negatif'),
	(3125, 'jadi bumerang', 'negatif'),
	(3126, 'jahanam', 'negatif'),
	(3127, 'jahat', 'negatif'),
	(3128, 'jahil', 'negatif'),
	(3129, 'jahiliah', 'negatif'),
	(3130, 'jahiliyah', 'negatif'),
	(3131, 'jail', 'negatif'),
	(3132, 'jajah', 'negatif'),
	(3133, 'jajahan', 'negatif'),
	(3134, 'jalang', 'negatif'),
	(3135, 'jamah', 'negatif'),
	(3136, 'jambak', 'negatif'),
	(3137, 'jambret', 'negatif'),
	(3138, 'jambretan', 'negatif'),
	(3139, 'jampi-jampi', 'negatif'),
	(3140, 'jangan asal', 'negatif'),
	(3141, 'jangan diganggu', 'negatif'),
	(3142, 'jangan sampai', 'negatif'),
	(3143, 'jangan sekarang', 'negatif'),
	(3144, 'jangan tanya', 'negatif'),
	(3145, 'jangan-jangan', 'negatif'),
	(3146, 'jangankan', 'negatif'),
	(3147, 'janggal', 'negatif'),
	(3148, 'jarah', 'negatif'),
	(3149, 'jarahan', 'negatif'),
	(3150, 'jeblok', 'negatif'),
	(3151, 'jebol', 'negatif'),
	(3152, 'jegal', 'negatif'),
	(3153, 'jelangkung', 'negatif'),
	(3154, 'jelantah', 'negatif'),
	(3155, 'jelek', 'negatif'),
	(3156, 'jemawa', 'negatif'),
	(3157, 'jengkel', 'negatif'),
	(3158, 'jenuh', 'negatif'),
	(3159, 'jerit', 'negatif'),
	(3160, 'jeritan', 'negatif'),
	(3161, 'jiplak', 'negatif'),
	(3162, 'jiplakan', 'negatif'),
	(3163, 'joki', 'negatif'),
	(3164, 'jongos', 'negatif'),
	(3165, 'jontor', 'negatif'),
	(3166, 'jorok', 'negatif'),
	(3167, 'jotos', 'negatif'),
	(3168, 'judes', 'negatif'),
	(3169, 'judi', 'negatif'),
	(3170, 'justru', 'negatif'),
	(3171, 'kabur', 'negatif'),
	(3172, 'kacau', 'negatif'),
	(3173, 'kacau balau', 'negatif'),
	(3174, 'kacau-balau', 'negatif'),
	(3175, 'kacung', 'negatif'),
	(3176, 'kadaluarsa', 'negatif'),
	(3177, 'kadaluwarsa', 'negatif'),
	(3178, 'kafir', 'negatif'),
	(3179, 'kagok', 'negatif'),
	(3180, 'kaku', 'negatif'),
	(3181, 'kalah', 'negatif'),
	(3182, 'kalang kabut', 'negatif'),
	(3183, 'kalap', 'negatif'),
	(3184, 'kalau tidak', 'negatif'),
	(3185, 'kalibut', 'negatif'),
	(3186, 'kalicau', 'negatif'),
	(3187, 'kalut', 'negatif'),
	(3188, 'kambing hitam', 'negatif'),
	(3189, 'kambuh', 'negatif'),
	(3190, 'kambuhan', 'negatif'),
	(3191, 'kandas', 'negatif'),
	(3192, 'kanibal', 'negatif'),
	(3193, 'kanibalisme', 'negatif'),
	(3194, 'kapitalis', 'negatif'),
	(3195, 'karam', 'negatif'),
	(3196, 'karsinogen', 'negatif'),
	(3197, 'karsinogenik', 'negatif'),
	(3198, 'kartu kuning', 'negatif'),
	(3199, 'kartu merah', 'negatif'),
	(3200, 'karusi', 'negatif'),
	(3201, 'karut', 'negatif'),
	(3202, 'karut-marut', 'negatif'),
	(3203, 'kasak-kusuk', 'negatif'),
	(3204, 'kasar', 'negatif'),
	(3205, 'kasus', 'negatif'),
	(3206, 'katastrofe', 'negatif'),
	(3207, 'kebakaran', 'negatif'),
	(3208, 'kebandelan', 'negatif'),
	(3209, 'kebangetan', 'negatif'),
	(3210, 'kebangkrutan', 'negatif'),
	(3211, 'kebanjiran', 'negatif'),
	(3212, 'keberatan', 'negatif'),
	(3213, 'kebiadaban', 'negatif'),
	(3214, 'kebinasaan', 'negatif'),
	(3215, 'kebiri', 'negatif'),
	(3216, 'keblinger', 'negatif'),
	(3217, 'kebobolan', 'negatif'),
	(3218, 'kebobrokan', 'negatif'),
	(3219, 'kebocoran', 'negatif'),
	(3220, 'kebodohan', 'negatif'),
	(3221, 'kebohongan', 'negatif'),
	(3222, 'keborosan', 'negatif'),
	(3223, 'kebuntuan', 'negatif'),
	(3224, 'keburu', 'negatif'),
	(3225, 'keburukan', 'negatif'),
	(3226, 'kebusukan', 'negatif'),
	(3227, 'kebut-kebutan', 'negatif'),
	(3228, 'kebuyaran', 'negatif'),
	(3229, 'kecam', 'negatif'),
	(3230, 'kecaman', 'negatif'),
	(3231, 'kecamuk', 'negatif'),
	(3232, 'kecanggungan', 'negatif'),
	(3233, 'kecapean', 'negatif'),
	(3234, 'kecapekan', 'negatif'),
	(3235, 'kecelakaan', 'negatif'),
	(3236, 'kecemasan', 'negatif'),
	(3237, 'kecemburuan', 'negatif'),
	(3238, 'kecengengan', 'negatif'),
	(3239, 'keceplosan', 'negatif'),
	(3240, 'kecerewetan', 'negatif'),
	(3241, 'kecerobohan', 'negatif'),
	(3242, 'kecewa', 'negatif'),
	(3243, 'kecil hati', 'negatif'),
	(3244, 'kecoh', 'negatif'),
	(3245, 'kecolongan', 'negatif'),
	(3246, 'kecongkakan', 'negatif'),
	(3247, 'kecopetan', 'negatif'),
	(3248, 'keculasan', 'negatif'),
	(3249, 'kecurangan', 'negatif'),
	(3250, 'kecurian', 'negatif'),
	(3251, 'kecurigaan', 'negatif'),
	(3252, 'kedaifan', 'negatif'),
	(3253, 'kedaluarsa', 'negatif'),
	(3254, 'keder', 'negatif'),
	(3255, 'kedhaifan', 'negatif'),
	(3256, 'kedhaliman', 'negatif'),
	(3257, 'kedholiman', 'negatif'),
	(3258, 'kediktatoran', 'negatif'),
	(3259, 'kedok', 'negatif'),
	(3260, 'kedunguan', 'negatif'),
	(3261, 'kedurhakaan', 'negatif'),
	(3262, 'kedurjanaan', 'negatif'),
	(3263, 'kedzaliman', 'negatif'),
	(3264, 'keedanan', 'negatif'),
	(3265, 'keegoisan', 'negatif'),
	(3266, 'keekstreman', 'negatif'),
	(3267, 'keekstriman', 'negatif'),
	(3268, 'keemohan', 'negatif'),
	(3269, 'keengganan', 'negatif'),
	(3270, 'kefakiran', 'negatif'),
	(3271, 'kefanaan', 'negatif'),
	(3272, 'kefanatikan', 'negatif'),
	(3273, 'kefasikan', 'negatif'),
	(3274, 'kefatalan', 'negatif'),
	(3275, 'kefrsutasian', 'negatif'),
	(3276, 'kegaduhan', 'negatif'),
	(3277, 'kegagalan', 'negatif'),
	(3278, 'kegalauan', 'negatif'),
	(3279, 'keganasan', 'negatif'),
	(3280, 'keganjilan', 'negatif'),
	(3281, 'kegawatan', 'negatif'),
	(3282, 'kegelisahan', 'negatif'),
	(3283, 'kegentingan', 'negatif'),
	(3284, 'kegeraman', 'negatif'),
	(3285, 'kegersangan', 'negatif'),
	(3286, 'kegilaan', 'negatif'),
	(3287, 'kegoblokan', 'negatif'),
	(3288, 'kegugupan', 'negatif'),
	(3289, 'keguguran', 'negatif'),
	(3290, 'kegulanaan', 'negatif'),
	(3291, 'kegundahan', 'negatif'),
	(3292, 'kegusaran', 'negatif'),
	(3293, 'kehabisan', 'negatif'),
	(3294, 'kehampaan', 'negatif'),
	(3295, 'kehancuran', 'negatif'),
	(3296, 'kehilangan', 'negatif'),
	(3297, 'kehinaan', 'negatif'),
	(3298, 'keingkaran', 'negatif'),
	(3299, 'kejahatan', 'negatif'),
	(3300, 'kejalangan', 'negatif'),
	(3301, 'kejam', 'negatif'),
	(3302, 'kejelekan', 'negatif'),
	(3303, 'kejengkelan', 'negatif'),
	(3304, 'keji', 'negatif'),
	(3305, 'kejorokan', 'negatif'),
	(3306, 'kekafiran', 'negatif'),
	(3307, 'kekalahan', 'negatif'),
	(3308, 'kekalapan', 'negatif'),
	(3309, 'kekalutan', 'negatif'),
	(3310, 'kekanak-kanakan', 'negatif'),
	(3311, 'kekang', 'negatif'),
	(3312, 'kekangan', 'negatif'),
	(3313, 'kekecewaan', 'negatif'),
	(3314, 'kekejaman', 'negatif'),
	(3315, 'kekejian', 'negatif'),
	(3316, 'kekeliruan', 'negatif'),
	(3317, 'kekerasan', 'negatif'),
	(3318, 'kekeringan', 'negatif'),
	(3319, 'kekeruhan', 'negatif'),
	(3320, 'kekesalan', 'negatif'),
	(3321, 'kekhawatiran', 'negatif'),
	(3322, 'kekhilafan', 'negatif'),
	(3323, 'kekikiran', 'negatif'),
	(3324, 'kekisruhan', 'negatif'),
	(3325, 'kekotoran', 'negatif'),
	(3326, 'kekufuran', 'negatif'),
	(3327, 'kelabakan', 'negatif'),
	(3328, 'kelabu', 'negatif'),
	(3329, 'kelahi', 'negatif'),
	(3330, 'kelainan', 'negatif'),
	(3331, 'kelaknatan', 'negatif'),
	(3332, 'kelalaian', 'negatif'),
	(3333, 'kelambanan', 'negatif'),
	(3334, 'kelambatan', 'negatif'),
	(3335, 'kelancangan', 'negatif'),
	(3336, 'kelaparan', 'negatif'),
	(3337, 'kelayapan', 'negatif'),
	(3338, 'kelelahan', 'negatif'),
	(3339, 'kelemahan', 'negatif'),
	(3340, 'kelengahan', 'negatif'),
	(3341, 'kelepasan', 'negatif'),
	(3342, 'kelesuan', 'negatif'),
	(3343, 'keletihan', 'negatif'),
	(3344, 'kelewat batas', 'negatif'),
	(3345, 'kelewatan', 'negatif'),
	(3346, 'keliaran', 'negatif'),
	(3347, 'kelicikan', 'negatif'),
	(3348, 'kelimbungan', 'negatif'),
	(3349, 'kelimpungan', 'negatif'),
	(3350, 'kelinglungan', 'negatif'),
	(3351, 'keliru', 'negatif'),
	(3352, 'keloyoan', 'negatif'),
	(3353, 'kelu', 'negatif'),
	(3354, 'keluh', 'negatif'),
	(3355, 'keluhan', 'negatif'),
	(3356, 'kelumpuhan', 'negatif'),
	(3357, 'kelupaan', 'negatif'),
	(3358, 'keluyuran', 'negatif'),
	(3359, 'kemaksiatan', 'negatif'),
	(3360, 'kemalingan', 'negatif'),
	(3361, 'kemarahan', 'negatif'),
	(3362, 'kematian', 'negatif'),
	(3363, 'kemelaratan', 'negatif'),
	(3364, 'kemelut', 'negatif'),
	(3365, 'kemerosotan', 'negatif'),
	(3366, 'kemesuman', 'negatif'),
	(3367, 'kemiskinan', 'negatif'),
	(3368, 'kemplang', 'negatif'),
	(3369, 'kemplangan', 'negatif'),
	(3370, 'kemunafikan', 'negatif'),
	(3371, 'kemunduran', 'negatif'),
	(3372, 'kemungkaran', 'negatif'),
	(3373, 'kemuraman', 'negatif'),
	(3374, 'kemurkaan', 'negatif'),
	(3375, 'kemurtadan', 'negatif'),
	(3376, 'kemurungan', 'negatif'),
	(3377, 'kemustahilan', 'negatif'),
	(3378, 'kemusyrikan', 'negatif'),
	(3379, 'kenajisan', 'negatif'),
	(3380, 'kenakalan', 'negatif'),
	(3381, 'kendala', 'negatif'),
	(3382, 'kenekatan', 'negatif'),
	(3383, 'kenestapaan', 'negatif'),
	(3384, 'kengerian', 'negatif'),
	(3385, 'kenistaan', 'negatif'),
	(3386, 'kentut', 'negatif'),
	(3387, 'keonaran', 'negatif'),
	(3388, 'kepailitan', 'negatif'),
	(3389, 'kepalsuan', 'negatif'),
	(3390, 'kepanasan', 'negatif'),
	(3391, 'kepandiran', 'negatif'),
	(3392, 'kepanikan', 'negatif'),
	(3393, 'keparat', 'negatif'),
	(3394, 'kepayahan', 'negatif'),
	(3395, 'kepedihan', 'negatif'),
	(3396, 'kepelitan', 'negatif'),
	(3397, 'kepicikan', 'negatif'),
	(3398, 'kepincangan', 'negatif'),
	(3399, 'kepongahan', 'negatif'),
	(3400, 'kepura-puraan', 'negatif'),
	(3401, 'keracunan', 'negatif'),
	(3402, 'keraguan', 'negatif'),
	(3403, 'kerakusan', 'negatif'),
	(3404, 'kerampokan', 'negatif'),
	(3405, 'kerancuan', 'negatif'),
	(3406, 'kerapuhan', 'negatif'),
	(3407, 'kerawanan', 'negatif'),
	(3408, 'kerdurjanaan', 'negatif'),
	(3409, 'kerentanan', 'negatif'),
	(3410, 'kerepotan', 'negatif'),
	(3411, 'keresahan', 'negatif'),
	(3412, 'keretakan', 'negatif'),
	(3413, 'kerewelan', 'negatif'),
	(3414, 'keributan', 'negatif'),
	(3415, 'kericuhan', 'negatif'),
	(3416, 'kerisauan', 'negatif'),
	(3417, 'kerontang', 'negatif'),
	(3418, 'keropos', 'negatif'),
	(3419, 'keroyok', 'negatif'),
	(3420, 'keroyokan', 'negatif'),
	(3421, 'kerugian', 'negatif'),
	(3422, 'kerumitan', 'negatif'),
	(3423, 'keruntuhan', 'negatif'),
	(3424, 'kerunyaman', 'negatif'),
	(3425, 'kerusakan', 'negatif'),
	(3426, 'kerusuhan', 'negatif'),
	(3427, 'keruwetan', 'negatif'),
	(3428, 'kesablengan', 'negatif'),
	(3429, 'kesadisan', 'negatif'),
	(3430, 'kesadisannya', 'negatif'),
	(3431, 'kesakitan', 'negatif'),
	(3432, 'kesal', 'negatif'),
	(3433, 'kesalahan', 'negatif'),
	(3434, 'kesambet', 'negatif'),
	(3435, 'kesandung', 'negatif'),
	(3436, 'kesangsian', 'negatif'),
	(3437, 'kesasar', 'negatif'),
	(3438, 'kesewenang-wenangan', 'negatif'),
	(3439, 'kesia-siaan', 'negatif'),
	(3440, 'kesialan', 'negatif'),
	(3441, 'kesiangan', 'negatif'),
	(3442, 'kesimpangsiuran', 'negatif'),
	(3443, 'kesinisan', 'negatif'),
	(3444, 'kesintingan', 'negatif'),
	(3445, 'kesirikan', 'negatif'),
	(3446, 'kesleboran', 'negatif'),
	(3447, 'kesombongan', 'negatif'),
	(3448, 'kesorean', 'negatif'),
	(3449, 'kestagnanan', 'negatif'),
	(3450, 'kesukaran', 'negatif'),
	(3451, 'kesulitan', 'negatif'),
	(3452, 'kesuraman', 'negatif'),
	(3453, 'kesurupan', 'negatif'),
	(3454, 'kesusahan', 'negatif'),
	(3455, 'kesyirikan', 'negatif'),
	(3456, 'ketakaburan', 'negatif'),
	(3457, 'ketakutan', 'negatif'),
	(3458, 'ketamakan', 'negatif'),
	(3459, 'ketar-ketir', 'negatif'),
	(3460, 'ketegangan', 'negatif'),
	(3461, 'keterbatasan', 'negatif'),
	(3462, 'ketergantungan', 'negatif'),
	(3463, 'ketergesa-gesaan', 'negatif'),
	(3464, 'keterlaluan', 'negatif'),
	(3465, 'keterlambatan', 'negatif'),
	(3466, 'keterpaksaan', 'negatif'),
	(3467, 'ketersiksaan', 'negatif'),
	(3468, 'ketertindasan', 'negatif'),
	(3469, 'ketertinggalan', 'negatif'),
	(3470, 'keteter', 'negatif'),
	(3471, 'keteteran', 'negatif'),
	(3472, 'ketidakefisienan', 'negatif'),
	(3473, 'ketidakpastian', 'negatif'),
	(3474, 'ketidakpercayaan', 'negatif'),
	(3475, 'ketiduran', 'negatif'),
	(3476, 'ketimbang', 'negatif'),
	(3477, 'ketimpangan', 'negatif'),
	(3478, 'ketinggalan', 'negatif'),
	(3479, 'ketipu', 'negatif'),
	(3480, 'ketololan', 'negatif'),
	(3481, 'ketuaan', 'negatif'),
	(3482, 'ketularan', 'negatif'),
	(3483, 'ketumpangtindihan', 'negatif'),
	(3484, 'ketus', 'negatif'),
	(3485, 'kewalahan', 'negatif'),
	(3486, 'kezaliman', 'negatif'),
	(3487, 'khalwat', 'negatif'),
	(3488, 'khawatir', 'negatif'),
	(3489, 'khawatirkan', 'negatif'),
	(3490, 'khianat', 'negatif'),
	(3491, 'khilaf', 'negatif'),
	(3492, 'kiamat', 'negatif'),
	(3493, 'kibul', 'negatif'),
	(3494, 'kikir', 'negatif'),
	(3495, 'kilah', 'negatif'),
	(3496, 'kisruh', 'negatif'),
	(3497, 'klepto', 'negatif'),
	(3498, 'kleptomania', 'negatif'),
	(3499, 'klise', 'negatif'),
	(3500, 'koar', 'negatif'),
	(3501, 'kocar-kacir', 'negatif'),
	(3502, 'kok', 'negatif'),
	(3503, 'kolaps', 'negatif'),
	(3504, 'koloni', 'negatif'),
	(3505, 'kolonial', 'negatif'),
	(3506, 'kolonialisme', 'negatif'),
	(3507, 'kolonis', 'negatif'),
	(3508, 'kolot', 'negatif'),
	(3509, 'kolusi', 'negatif'),
	(3510, 'komat-kamit', 'negatif'),
	(3511, 'komplain', 'negatif'),
	(3512, 'kompleks', 'negatif'),
	(3513, 'komplikasi', 'negatif'),
	(3514, 'komplotan', 'negatif'),
	(3515, 'komunis', 'negatif'),
	(3516, 'konflik', 'negatif'),
	(3517, 'konfrontasi', 'negatif'),
	(3518, 'kongkalikong', 'negatif'),
	(3519, 'konspirasi', 'negatif'),
	(3520, 'konspiratif', 'negatif'),
	(3521, 'konsumtif', 'negatif'),
	(3522, 'kontaminasi', 'negatif'),
	(3523, 'kontra', 'negatif'),
	(3524, 'kontradiksi', 'negatif'),
	(3525, 'kontradiktif', 'negatif'),
	(3526, 'kontraproduktif', 'negatif'),
	(3527, 'kontroversi', 'negatif'),
	(3528, 'kontroversial', 'negatif'),
	(3529, 'korban', 'negatif'),
	(3530, 'korupsi', 'negatif'),
	(3531, 'koruptor', 'negatif'),
	(3532, 'kotor', 'negatif'),
	(3533, 'kout', 'negatif'),
	(3534, 'kriminal', 'negatif'),
	(3535, 'kriminalis', 'negatif'),
	(3536, 'kriminalisasi', 'negatif'),
	(3537, 'kriminalitas', 'negatif'),
	(3538, 'krisis', 'negatif'),
	(3539, 'kritik', 'negatif'),
	(3540, 'kritis', 'negatif'),
	(3541, 'kroni', 'negatif'),
	(3542, 'kronis', 'negatif'),
	(3543, 'krusial', 'negatif'),
	(3544, 'kualat', 'negatif'),
	(3545, 'kuatir', 'negatif'),
	(3546, 'kudeta', 'negatif'),
	(3547, 'kufur', 'negatif'),
	(3548, 'kufur nikmat', 'negatif'),
	(3549, 'kumal', 'negatif'),
	(3550, 'kuman', 'negatif'),
	(3551, 'kumel', 'negatif'),
	(3552, 'kumuh', 'negatif'),
	(3553, 'kungkung', 'negatif'),
	(3554, 'kusta', 'negatif'),
	(3555, 'kusut', 'negatif'),
	(3556, 'kutu', 'negatif'),
	(3557, 'kutuk', 'negatif'),
	(3558, 'kutukan', 'negatif'),
	(3559, 'labil', 'negatif'),
	(3560, 'labrak', 'negatif'),
	(3561, 'lacur', 'negatif'),
	(3562, 'laknat', 'negatif'),
	(3563, 'lalai', 'negatif'),
	(3564, 'lalim', 'negatif'),
	(3565, 'lama', 'negatif'),
	(3566, 'lamban', 'negatif'),
	(3567, 'lambat', 'negatif'),
	(3568, 'lancang', 'negatif'),
	(3569, 'langgar-melanggar', 'negatif'),
	(3570, 'lara', 'negatif'),
	(3571, 'layu', 'negatif'),
	(3572, 'ledek', 'negatif'),
	(3573, 'leha-leha', 'negatif'),
	(3574, 'lelah', 'negatif'),
	(3575, 'lelet', 'negatif'),
	(3576, 'lemah', 'negatif'),
	(3577, 'lemas', 'negatif'),
	(3578, 'lemes', 'negatif'),
	(3579, 'lengah', 'negatif'),
	(3580, 'lengser', 'negatif'),
	(3581, 'lenyap', 'negatif'),
	(3582, 'lesbi', 'negatif'),
	(3583, 'lesbian', 'negatif'),
	(3584, 'lesu', 'negatif'),
	(3585, 'letih', 'negatif'),
	(3586, 'letoi', 'negatif'),
	(3587, 'liar', 'negatif'),
	(3588, 'licik', 'negatif'),
	(3589, 'limbah', 'negatif'),
	(3590, 'limbung', 'negatif'),
	(3591, 'ling-lung', 'negatif'),
	(3592, 'lintah darat', 'negatif'),
	(3593, 'lirih', 'negatif'),
	(3594, 'longsor', 'negatif'),
	(3595, 'lontang-lantung', 'negatif'),
	(3596, 'lonte', 'negatif'),
	(3597, 'loyo', 'negatif'),
	(3598, 'luka', 'negatif'),
	(3599, 'luluh lantak', 'negatif'),
	(3600, 'lumpuh', 'negatif'),
	(3601, 'lunta', 'negatif'),
	(3602, 'luntang-lantung', 'negatif'),
	(3603, 'lupa', 'negatif'),
	(3604, 'lusuh', 'negatif'),
	(3605, 'mabuk', 'negatif'),
	(3606, 'mabuk-mabukan', 'negatif'),
	(3607, 'macet', 'negatif'),
	(3608, 'madat', 'negatif'),
	(3609, 'madharat', 'negatif'),
	(3610, 'mafia', 'negatif'),
	(3611, 'mahal', 'negatif'),
	(3612, 'main-main', 'negatif'),
	(3613, 'makar', 'negatif'),
	(3614, 'maki', 'negatif'),
	(3615, 'makian', 'negatif'),
	(3616, 'makruh', 'negatif'),
	(3617, 'maksiat', 'negatif'),
	(3618, 'mala', 'negatif'),
	(3619, 'malapetaka', 'negatif'),
	(3620, 'malaprakt2k', 'negatif'),
	(3621, 'malapraktik', 'negatif'),
	(3622, 'malas', 'negatif'),
	(3623, 'maling', 'negatif'),
	(3624, 'malnutrisi', 'negatif'),
	(3625, 'malpraktek', 'negatif'),
	(3626, 'malpraktik', 'negatif'),
	(3627, 'mamandekkan', 'negatif'),
	(3628, 'mamasygulkan', 'negatif'),
	(3629, 'mampus', 'negatif'),
	(3630, 'mana ada', 'negatif'),
	(3631, 'mandek', 'negatif'),
	(3632, 'mandul', 'negatif'),
	(3633, 'manghantam', 'negatif'),
	(3634, 'mangkel', 'negatif'),
	(3635, 'mangkir', 'negatif'),
	(3636, 'mangu', 'negatif'),
	(3637, 'maniak', 'negatif'),
	(3638, 'manipulasi', 'negatif'),
	(3639, 'manipulatif', 'negatif'),
	(3640, 'manipulator', 'negatif'),
	(3641, 'marah', 'negatif'),
	(3642, 'marah-marah', 'negatif'),
	(3643, 'masa bodoh', 'negatif'),
	(3644, 'masai', 'negatif'),
	(3645, 'masalah', 'negatif'),
	(3646, 'masam', 'negatif'),
	(3647, 'masgul', 'negatif'),
	(3648, 'masokhis', 'negatif'),
	(3649, 'masokis', 'negatif'),
	(3650, 'masygul', 'negatif'),
	(3651, 'materialis', 'negatif'),
	(3652, 'materialisme', 'negatif'),
	(3653, 'materialistis', 'negatif'),
	(3654, 'matre', 'negatif'),
	(3655, 'mayat', 'negatif'),
	(3656, 'melabrak', 'negatif'),
	(3657, 'melacur', 'negatif'),
	(3658, 'melacurkan', 'negatif'),
	(3659, 'melaknat', 'negatif'),
	(3660, 'melalaikan', 'negatif'),
	(3661, 'melambat', 'negatif'),
	(3662, 'melambat-lambatkan', 'negatif'),
	(3663, 'melambatkan', 'negatif'),
	(3664, 'melanda', 'negatif'),
	(3665, 'melanggar', 'negatif'),
	(3666, 'melantur', 'negatif'),
	(3667, 'melarang', 'negatif'),
	(3668, 'melarat', 'negatif'),
	(3669, 'melarikan', 'negatif'),
	(3670, 'melas', 'negatif'),
	(3671, 'melebih-lebihkan', 'negatif'),
	(3672, 'melecehkan', 'negatif'),
	(3673, 'meledak', 'negatif'),
	(3674, 'meledakkan', 'negatif'),
	(3675, 'meledek', 'negatif'),
	(3676, 'meledeki', 'negatif'),
	(3677, 'melelahkan', 'negatif'),
	(3678, 'melemah', 'negatif'),
	(3679, 'melemahkan', 'negatif'),
	(3680, 'melengahkan', 'negatif'),
	(3681, 'melengos', 'negatif'),
	(3682, 'melenyapkan', 'negatif'),
	(3683, 'melepuh', 'negatif'),
	(3684, 'melewati batas', 'negatif'),
	(3685, 'melindas', 'negatif'),
	(3686, 'melintir', 'negatif'),
	(3687, 'melompong', 'negatif'),
	(3688, 'melongo', 'negatif'),
	(3689, 'melucuti', 'negatif'),
	(3690, 'meludah', 'negatif'),
	(3691, 'meludahi', 'negatif'),
	(3692, 'melukai', 'negatif'),
	(3693, 'meluluhlantakkan', 'negatif'),
	(3694, 'melumpuhkan', 'negatif'),
	(3695, 'melupakan', 'negatif'),
	(3696, 'memaki', 'negatif'),
	(3697, 'memaksa', 'negatif'),
	(3698, 'memaksa-maksa', 'negatif'),
	(3699, 'memaksakan', 'negatif'),
	(3700, 'memalak', 'negatif'),
	(3701, 'memalaki', 'negatif'),
	(3702, 'memalingkan', 'negatif'),
	(3703, 'memalsukan', 'negatif'),
	(3704, 'memalukan', 'negatif'),
	(3705, 'memanas-manasi', 'negatif'),
	(3706, 'memandulkan', 'negatif'),
	(3707, 'memanipulasi', 'negatif'),
	(3708, 'memantati', 'negatif'),
	(3709, 'memarahi', 'negatif'),
	(3710, 'memasung', 'negatif'),
	(3711, 'membacok', 'negatif'),
	(3712, 'membahayakan', 'negatif'),
	(3713, 'membalas dendam', 'negatif'),
	(3714, 'membandel', 'negatif'),
	(3715, 'membanding-bandingkan', 'negatif'),
	(3716, 'membangkang', 'negatif'),
	(3717, 'membangkrutkan', 'negatif'),
	(3718, 'membanjiri', 'negatif'),
	(3719, 'membantah', 'negatif'),
	(3720, 'membatalkan', 'negatif'),
	(3721, 'membatasi', 'negatif'),
	(3722, 'membebankan', 'negatif'),
	(3723, 'membeberkan', 'negatif'),
	(3724, 'membekas', 'negatif'),
	(3725, 'membelenggu', 'negatif'),
	(3726, 'membelit', 'negatif'),
	(3727, 'membentur', 'negatif'),
	(3728, 'memberatkan', 'negatif'),
	(3729, 'memberhentikan', 'negatif'),
	(3730, 'memberondong', 'negatif'),
	(3731, 'membiaskan', 'negatif'),
	(3732, 'memblokir', 'negatif'),
	(3733, 'membocorkan', 'negatif'),
	(3734, 'membodohi', 'negatif'),
	(3735, 'membohongi', 'negatif'),
	(3736, 'membolos', 'negatif'),
	(3737, 'membom', 'negatif'),
	(3738, 'membombardir', 'negatif'),
	(3739, 'membosankan', 'negatif'),
	(3740, 'membual', 'negatif'),
	(3741, 'membuang', 'negatif'),
	(3742, 'membuang-buang waktu', 'negatif'),
	(3743, 'membuat-buat', 'negatif'),
	(3744, 'membungkam', 'negatif'),
	(3745, 'membunuh', 'negatif'),
	(3746, 'memburuk', 'negatif'),
	(3747, 'membusuk', 'negatif'),
	(3748, 'membutakan', 'negatif'),
	(3749, 'membuyarkan', 'negatif'),
	(3750, 'memecah belah', 'negatif'),
	(3751, 'memecah-belah', 'negatif'),
	(3752, 'memecahbelahkan', 'negatif'),
	(3753, 'memecat', 'negatif'),
	(3754, 'memekakkan', 'negatif'),
	(3755, 'memelas', 'negatif'),
	(3756, 'memeloroti', 'negatif'),
	(3757, 'memfitnah', 'negatif'),
	(3758, 'memforsir', 'negatif'),
	(3759, 'memidanakan', 'negatif'),
	(3760, 'memilukan', 'negatif'),
	(3761, 'meminta-minta', 'negatif'),
	(3762, 'memiskinkan', 'negatif'),
	(3763, 'memojokkan', 'negatif'),
	(3764, 'memonopoli', 'negatif'),
	(3765, 'memorak-porandakan', 'negatif'),
	(3766, 'memoroti', 'negatif'),
	(3767, 'memperbodoh', 'negatif'),
	(3768, 'memperbudak', 'negatif'),
	(3769, 'memperburuk', 'negatif'),
	(3770, 'memperbuyar', 'negatif'),
	(3771, 'memperdaya', 'negatif'),
	(3772, 'mempergunjingkan', 'negatif'),
	(3773, 'memperkosa', 'negatif'),
	(3774, 'memperlama', 'negatif'),
	(3775, 'memperlamban', 'negatif'),
	(3776, 'memperlambat', 'negatif'),
	(3777, 'memperlemah', 'negatif'),
	(3778, 'mempermasalahkan', 'negatif'),
	(3779, 'memperolok-olok', 'negatif'),
	(3780, 'memperolok-olokkan', 'negatif'),
	(3781, 'memperparah', 'negatif'),
	(3782, 'mempersadis', 'negatif'),
	(3783, 'mempersakit', 'negatif'),
	(3784, 'mempersalahkan', 'negatif'),
	(3785, 'mempersoalkan', 'negatif'),
	(3786, 'mempersukar', 'negatif'),
	(3787, 'mempersulit', 'negatif'),
	(3788, 'mempersura,', 'negatif'),
	(3789, 'mempersuram', 'negatif'),
	(3790, 'mempersusah', 'negatif'),
	(3791, 'mempertakut', 'negatif'),
	(3792, 'mempertaruhkan', 'negatif'),
	(3793, 'mempertengkarkan', 'negatif'),
	(3794, 'memperumit', 'negatif'),
	(3795, 'memperusuh', 'negatif'),
	(3796, 'mempreteli', 'negatif'),
	(3797, 'memprihatinkan', 'negatif'),
	(3798, 'mempropaganda', 'negatif'),
	(3799, 'mempropagandakan', 'negatif'),
	(3800, 'memprotes', 'negatif'),
	(3801, 'memprovokasi', 'negatif'),
	(3802, 'memukul', 'negatif'),
	(3803, 'memukuli', 'negatif'),
	(3804, 'memulangkan', 'negatif'),
	(3805, 'memundurkan', 'negatif'),
	(3806, 'memunggungkan', 'negatif'),
	(3807, 'memungkari', 'negatif'),
	(3808, 'memungkiri', 'negatif'),
	(3809, 'memuntahkan', 'negatif'),
	(3810, 'memupuskan', 'negatif'),
	(3811, 'memuram', 'negatif'),
	(3812, 'memurkai', 'negatif'),
	(3813, 'memurtadkan', 'negatif'),
	(3814, 'memusingkan', 'negatif'),
	(3815, 'memusnahkan', 'negatif'),
	(3816, 'memusuhi', 'negatif'),
	(3817, 'memutarbalikkan', 'negatif'),
	(3818, 'menabrak', 'negatif'),
	(3819, 'menafikan', 'negatif'),
	(3820, 'menagih', 'negatif'),
	(3821, 'menakut-nakuti', 'negatif'),
	(3822, 'menakuti', 'negatif'),
	(3823, 'menalak', 'negatif'),
	(3824, 'menampar', 'negatif'),
	(3825, 'menangis', 'negatif'),
	(3826, 'menangisi', 'negatif'),
	(3827, 'menarikturunkan', 'negatif'),
	(3828, 'mencabik-cabik', 'negatif'),
	(3829, 'mencabuli', 'negatif'),
	(3830, 'mencaci', 'negatif'),
	(3831, 'mencaci maki', 'negatif'),
	(3832, 'mencak', 'negatif'),
	(3833, 'mencak-mencak', 'negatif'),
	(3834, 'mencalimi', 'negatif'),
	(3835, 'mencampakkan', 'negatif'),
	(3836, 'mencampur aduk', 'negatif'),
	(3837, 'mencampuradukkan', 'negatif'),
	(3838, 'mencancu', 'negatif'),
	(3839, 'mencaplok', 'negatif'),
	(3840, 'mencari kesalahan', 'negatif'),
	(3841, 'mencari muka', 'negatif'),
	(3842, 'mencari-cari kesalahan', 'negatif'),
	(3843, 'mencatut', 'negatif'),
	(3844, 'mencecar', 'negatif'),
	(3845, 'mencederai', 'negatif'),
	(3846, 'mencekam', 'negatif'),
	(3847, 'mencekcoki', 'negatif'),
	(3848, 'mencekik', 'negatif'),
	(3849, 'mencela', 'negatif'),
	(3850, 'mencelakai', 'negatif'),
	(3851, 'mencelakakan', 'negatif'),
	(3852, 'mencemari', 'negatif'),
	(3853, 'mencemaskan', 'negatif'),
	(3854, 'mencemburui', 'negatif'),
	(3855, 'mencerca', 'negatif'),
	(3856, 'mencibir', 'negatif'),
	(3857, 'mencolong', 'negatif'),
	(3858, 'mencontek', 'negatif'),
	(3859, 'mencopet', 'negatif'),
	(3860, 'mencopot', 'negatif'),
	(3861, 'mencoreng', 'negatif'),
	(3862, 'mencret', 'negatif'),
	(3863, 'mencuci otak', 'negatif'),
	(3864, 'mencuci uang', 'negatif'),
	(3865, 'menculik', 'negatif'),
	(3866, 'mencurangi', 'negatif'),
	(3867, 'mencuri', 'negatif'),
	(3868, 'mencurigai', 'negatif'),
	(3869, 'mencurigakan', 'negatif'),
	(3870, 'mendadak', 'negatif'),
	(3871, 'mendaifkan', 'negatif'),
	(3872, 'mendalangi', 'negatif'),
	(3873, 'mendamprat', 'negatif'),
	(3874, 'mendekam', 'negatif'),
	(3875, 'mendendam', 'negatif'),
	(3876, 'mendengki', 'negatif'),
	(3877, 'mendepak', 'negatif'),
	(3878, 'mendeportasi', 'negatif'),
	(3879, 'menderita', 'negatif'),
	(3880, 'mendesak', 'negatif'),
	(3881, 'mendhalimi', 'negatif'),
	(3882, 'mendholimi', 'negatif'),
	(3883, 'mendiskreditkan', 'negatif'),
	(3884, 'mendiskriminasi', 'negatif'),
	(3885, 'mendiskriminasikan', 'negatif'),
	(3886, 'mendiskualifikasi', 'negatif'),
	(3887, 'mendiskualifikasikan', 'negatif'),
	(3888, 'mendobrak', 'negatif'),
	(3889, 'mendompleng', 'negatif'),
	(3890, 'mendongkol', 'negatif'),
	(3891, 'mendongkolkan', 'negatif'),
	(3892, 'mendua', 'negatif'),
	(3893, 'menduakan', 'negatif'),
	(3894, 'menduga-duga', 'negatif'),
	(3895, 'mendukuni', 'negatif'),
	(3896, 'mendurhakai', 'negatif'),
	(3897, 'mendustai', 'negatif'),
	(3898, 'mendustakan', 'negatif'),
	(3899, 'mendzalimi', 'negatif'),
	(3900, 'menegatifkan', 'negatif'),
	(3901, 'menelanjangi', 'negatif'),
	(3902, 'menelantarkan', 'negatif'),
	(3903, 'menembak', 'negatif'),
	(3904, 'menembaki', 'negatif'),
	(3905, 'menempeleng', 'negatif'),
	(3906, 'menentang', 'negatif'),
	(3907, 'meneror', 'negatif'),
	(3908, 'menertawai', 'negatif'),
	(3909, 'menertawakan', 'negatif'),
	(3910, 'menewaskan', 'negatif'),
	(3911, 'mengabaikan', 'negatif'),
	(3912, 'mengaburkan', 'negatif'),
	(3913, 'mengacak-acak', 'negatif'),
	(3914, 'mengacau', 'negatif'),
	(3915, 'mengacaubalaukan', 'negatif'),
	(3916, 'mengacaukan', 'negatif'),
	(3917, 'mengadili', 'negatif'),
	(3918, 'mengadu domba', 'negatif'),
	(3919, 'mengafirkan', 'negatif'),
	(3920, 'mengais', 'negatif'),
	(3921, 'mengakhiri', 'negatif'),
	(3922, 'mengambinghitamkan', 'negatif'),
	(3923, 'mengancam', 'negatif'),
	(3924, 'menganggur', 'negatif'),
	(3925, 'mengarut', 'negatif'),
	(3926, 'mengasari', 'negatif'),
	(3927, 'mengata-ngatai', 'negatif'),
	(3928, 'mengatai', 'negatif'),
	(3929, 'mengebiri', 'negatif'),
	(3930, 'mengecam', 'negatif'),
	(3931, 'mengecewakan', 'negatif'),
	(3932, 'mengecilkan hati', 'negatif'),
	(3933, 'mengecoh', 'negatif'),
	(3934, 'mengekakng', 'negatif'),
	(3935, 'mengekang', 'negatif'),
	(3936, 'mengeksploitasi', 'negatif'),
	(3937, 'mengekspos', 'negatif'),
	(3938, 'mengelabui', 'negatif'),
	(3939, 'mengelak', 'negatif'),
	(3940, 'mengelakkan', 'negatif'),
	(3941, 'mengeluh', 'negatif'),
	(3942, 'mengeluhkan', 'negatif'),
	(3943, 'mengemis', 'negatif'),
	(3944, 'mengemplang', 'negatif'),
	(3945, 'mengenaskan', 'negatif'),
	(3946, 'mengentengkan', 'negatif'),
	(3947, 'mengerang', 'negatif'),
	(3948, 'mengerangkeng', 'negatif'),
	(3949, 'mengerdilkan', 'negatif'),
	(3950, 'mengerecoki', 'negatif'),
	(3951, 'mengerikan', 'negatif'),
	(3952, 'mengeritik', 'negatif'),
	(3953, 'mengernyit', 'negatif'),
	(3954, 'mengernyitkan', 'negatif'),
	(3955, 'mengeroyok', 'negatif'),
	(3956, 'mengeruhkan', 'negatif'),
	(3957, 'mengesalkan', 'negatif'),
	(3958, 'mengesampingkan', 'negatif'),
	(3959, 'mengeyel', 'negatif'),
	(3960, 'menggampangkan', 'negatif'),
	(3961, 'mengganas', 'negatif'),
	(3962, 'menggandakan uang', 'negatif'),
	(3963, 'mengganggu', 'negatif'),
	(3964, 'mengganggu gugat', 'negatif'),
	(3965, 'mengganjal', 'negatif'),
	(3966, 'menggasab', 'negatif'),
	(3967, 'menggasak', 'negatif'),
	(3968, 'menggauli', 'negatif'),
	(3969, 'menggawat', 'negatif'),
	(3970, 'menggebuki', 'negatif'),
	(3971, 'menggedor', 'negatif'),
	(3972, 'menggegerkan', 'negatif'),
	(3973, 'menggelandang', 'negatif'),
	(3974, 'menggelapkan', 'negatif'),
	(3975, 'menggelepar', 'negatif'),
	(3976, 'menggelisahkan', 'negatif'),
	(3977, 'menggembar-gemborkan', 'negatif'),
	(3978, 'menggentayangi', 'negatif'),
	(3979, 'menggerayangi', 'negatif'),
	(3980, 'menggerebek', 'negatif'),
	(3981, 'menggerepe', 'negatif'),
	(3982, 'menggerogoti', 'negatif'),
	(3983, 'menggertak', 'negatif'),
	(3984, 'menggerutu', 'negatif'),
	(3985, 'menggila', 'negatif'),
	(3986, 'menggondol', 'negatif'),
	(3987, 'menggorok', 'negatif'),
	(3988, 'menggosipkanmenggrecoki', 'negatif'),
	(3989, 'menggugat', 'negatif'),
	(3990, 'menggulingkan', 'negatif'),
	(3991, 'mengguna-guna', 'negatif'),
	(3992, 'mengguna-gunai', 'negatif'),
	(3993, 'menggunduli', 'negatif'),
	(3994, 'menggunjing', 'negatif'),
	(3995, 'menggunjingkan', 'negatif'),
	(3996, 'menggusur', 'negatif'),
	(3997, 'menghabisi', 'negatif'),
	(3998, 'menghajar', 'negatif'),
	(3999, 'menghakimi', 'negatif'),
	(4000, 'menghalang-halangi', 'negatif'),
	(4001, 'menghalangi', 'negatif'),
	(4002, 'menghambat', 'negatif'),
	(4003, 'menghambur-hamburkan', 'negatif'),
	(4004, 'menghamburkan', 'negatif'),
	(4005, 'menghancurkan', 'negatif'),
	(4006, 'menghancurleburkan', 'negatif'),
	(4007, 'menghanguskan', 'negatif'),
	(4008, 'menghantui', 'negatif'),
	(4009, 'menghardik', 'negatif'),
	(4010, 'menghasut', 'negatif'),
	(4011, 'mengherankan', 'negatif'),
	(4012, 'menghilang', 'negatif'),
	(4013, 'menghilangkan', 'negatif'),
	(4014, 'menghina', 'negatif'),
	(4015, 'menghujat', 'negatif'),
	(4016, 'mengibuli', 'negatif'),
	(4017, 'mengidap', 'negatif'),
	(4018, 'mengimitasi', 'negatif'),
	(4019, 'menginfeksi', 'negatif'),
	(4020, 'mengingkari', 'negatif'),
	(4021, 'menginjak', 'negatif'),
	(4022, 'menginjak-injak', 'negatif'),
	(4023, 'mengintil', 'negatif'),
	(4024, 'mengintimidasi', 'negatif'),
	(4025, 'mengisolasi', 'negatif'),
	(4026, 'mengisolasikan', 'negatif'),
	(4027, 'mengkhawatirkan', 'negatif'),
	(4028, 'mengkhianati', 'negatif'),
	(4029, 'mengkritik', 'negatif'),
	(4030, 'mengkudeta', 'negatif'),
	(4031, 'mengobrak-abrik', 'negatif'),
	(4032, 'mengoceh', 'negatif'),
	(4033, 'mengolok-olok', 'negatif'),
	(4034, 'mengombang ambing', 'negatif'),
	(4035, 'mengombangambingkan', 'negatif'),
	(4036, 'mengomel', 'negatif'),
	(4037, 'mengomeli', 'negatif'),
	(4038, 'mengompori', 'negatif'),
	(4039, 'mengontaminasi', 'negatif'),
	(4040, 'mengoplos', 'negatif'),
	(4041, 'mengorbankan', 'negatif'),
	(4042, 'mengorup', 'negatif'),
	(4043, 'mengorupsi', 'negatif'),
	(4044, 'mengotori', 'negatif'),
	(4045, 'mengoyak', 'negatif'),
	(4046, 'mengoyak-oyak', 'negatif'),
	(4047, 'mengoyak-oyakkan', 'negatif'),
	(4048, 'mengucilkan', 'negatif'),
	(4049, 'mengudeka', 'negatif'),
	(4050, 'mengudeta', 'negatif'),
	(4051, 'mengufurkan', 'negatif'),
	(4052, 'mengulur', 'negatif'),
	(4053, 'mengulur-ulur', 'negatif'),
	(4054, 'mengumbar', 'negatif'),
	(4055, 'mengumpat', 'negatif'),
	(4056, 'mengungkung', 'negatif'),
	(4057, 'menguntit', 'negatif'),
	(4058, 'mengurungkan', 'negatif'),
	(4059, 'mengusik', 'negatif'),
	(4060, 'mengusir', 'negatif'),
	(4061, 'mengutuk', 'negatif'),
	(4062, 'mengutuki', 'negatif'),
	(4063, 'meniduri', 'negatif'),
	(4064, 'menihilkan', 'negatif'),
	(4065, 'menikam', 'negatif'),
	(4066, 'menilap', 'negatif'),
	(4067, 'menilep', 'negatif'),
	(4068, 'menimpa', 'negatif'),
	(4069, 'menindas', 'negatif'),
	(4070, 'meninggal', 'negatif'),
	(4071, 'menipu', 'negatif'),
	(4072, 'meniru', 'negatif'),
	(4073, 'meniru-niru', 'negatif'),
	(4074, 'menistakan', 'negatif'),
	(4075, 'menjahati', 'negatif'),
	(4076, 'menjaili', 'negatif'),
	(4077, 'menjajah', 'negatif'),
	(4078, 'menjalang', 'negatif'),
	(4079, 'menjamah', 'negatif'),
	(4080, 'menjambak', 'negatif'),
	(4081, 'menjambret', 'negatif'),
	(4082, 'menjangkit', 'negatif'),
	(4083, 'menjangkiti', 'negatif'),
	(4084, 'menjarah', 'negatif'),
	(4085, 'menjebak', 'negatif'),
	(4086, 'menjegal', 'negatif'),
	(4087, 'menjelek-jelekkan', 'negatif'),
	(4088, 'menjelekkan', 'negatif'),
	(4089, 'menjemukan', 'negatif'),
	(4090, 'menjengkelkan', 'negatif'),
	(4091, 'menjenuhkan', 'negatif'),
	(4092, 'menjerat', 'negatif'),
	(4093, 'menjerit', 'negatif'),
	(4094, 'menjiplak', 'negatif'),
	(4095, 'menjungkirbalikkan', 'negatif'),
	(4096, 'menodai', 'negatif'),
	(4097, 'menodong', 'negatif'),
	(4098, 'menodongkan', 'negatif'),
	(4099, 'menohok', 'negatif'),
	(4100, 'menolak', 'negatif'),
	(4101, 'menonjok', 'negatif'),
	(4102, 'menoyor', 'negatif'),
	(4103, 'menskors', 'negatif'),
	(4104, 'mensomasi', 'negatif'),
	(4105, 'mensomasikan', 'negatif'),
	(4106, 'mentok', 'negatif'),
	(4107, 'menubruk', 'negatif'),
	(4108, 'menuding', 'negatif'),
	(4109, 'menuduh', 'negatif'),
	(4110, 'menuduhkan', 'negatif'),
	(4111, 'menular', 'negatif'),
	(4112, 'menulari', 'negatif'),
	(4113, 'menularkan', 'negatif'),
	(4114, 'menumbalkan', 'negatif'),
	(4115, 'menumpulkan', 'negatif'),
	(4116, 'menunda', 'negatif'),
	(4117, 'menunda-nunda', 'negatif'),
	(4118, 'menunggak', 'negatif'),
	(4119, 'menuntut', 'negatif'),
	(4120, 'menurun', 'negatif'),
	(4121, 'menusuk', 'negatif'),
	(4122, 'menusuk-nusuk', 'negatif'),
	(4123, 'menusukkan', 'negatif'),
	(4124, 'menutup-nutupi', 'negatif'),
	(4125, 'menutupi', 'negatif'),
	(4126, 'menyabotase', 'negatif'),
	(4127, 'menyabung', 'negatif'),
	(4128, 'menyadap', 'negatif'),
	(4129, 'menyakiti', 'negatif'),
	(4130, 'menyakitkan', 'negatif'),
	(4131, 'menyalahartikan', 'negatif'),
	(4132, 'menyalahgunakan', 'negatif'),
	(4133, 'menyalahi', 'negatif'),
	(4134, 'menyalahkan', 'negatif'),
	(4135, 'menyamarkan', 'negatif'),
	(4136, 'menyampah', 'negatif'),
	(4137, 'menyandera', 'negatif'),
	(4138, 'menyanggah', 'negatif'),
	(4139, 'menyangka', 'negatif'),
	(4140, 'menyangkal', 'negatif'),
	(4141, 'menyangkut', 'negatif'),
	(4142, 'menyangkutpautkan', 'negatif'),
	(4143, 'menyangsikan', 'negatif'),
	(4144, 'menyantet', 'negatif'),
	(4145, 'menyatroni', 'negatif'),
	(4146, 'menyayangkan', 'negatif'),
	(4147, 'menyayat', 'negatif'),
	(4148, 'menyayat-nyayat', 'negatif'),
	(4149, 'menyelahgunakan', 'negatif'),
	(4150, 'menyesalkan', 'negatif'),
	(4151, 'menyia-nyiakan', 'negatif'),
	(4152, 'menyiksa', 'negatif'),
	(4153, 'menyikut', 'negatif'),
	(4154, 'menyilet', 'negatif'),
	(4155, 'menyimpang', 'negatif'),
	(4156, 'menyindir', 'negatif'),
	(4157, 'menyinggung', 'negatif'),
	(4158, 'menyobek', 'negatif'),
	(4159, 'menyobek-nyobek', 'negatif'),
	(4160, 'menyodomi', 'negatif'),
	(4161, 'menyogok', 'negatif'),
	(4162, 'menyomasi', 'negatif'),
	(4163, 'menyombong', 'negatif'),
	(4164, 'menyombongkan', 'negatif'),
	(4165, 'menyontek', 'negatif'),
	(4166, 'menyuap', 'negatif'),
	(4167, 'menyudutkan', 'negatif'),
	(4168, 'menyulitkan', 'negatif'),
	(4169, 'menyulut', 'negatif'),
	(4170, 'menyumpahi', 'negatif'),
	(4171, 'menyumpel', 'negatif'),
	(4172, 'menyundut', 'negatif'),
	(4173, 'menyuruh-nyuruh', 'negatif'),
	(4174, 'menyusahi', 'negatif'),
	(4175, 'menyusahkan', 'negatif'),
	(4176, 'menyusupkan', 'negatif'),
	(4177, 'menzinahi', 'negatif'),
	(4178, 'menzinai', 'negatif'),
	(4179, 'meracau', 'negatif'),
	(4180, 'meracuni', 'negatif'),
	(4181, 'meradang', 'negatif'),
	(4182, 'meragu', 'negatif'),
	(4183, 'meragukan', 'negatif'),
	(4184, 'merajalela', 'negatif'),
	(4185, 'merajam', 'negatif'),
	(4186, 'merajuk', 'negatif'),
	(4187, 'merampas', 'negatif'),
	(4188, 'merampok', 'negatif'),
	(4189, 'merancukan', 'negatif'),
	(4190, 'merapuhkan', 'negatif'),
	(4191, 'meratap', 'negatif'),
	(4192, 'meratapi', 'negatif'),
	(4193, 'merecoki', 'negatif'),
	(4194, 'merekayasa', 'negatif'),
	(4195, 'meremehkan', 'negatif'),
	(4196, 'merendahkan', 'negatif'),
	(4197, 'merengek', 'negatif'),
	(4198, 'merengek-rengek', 'negatif'),
	(4199, 'merenggut', 'negatif'),
	(4200, 'merepotkan', 'negatif'),
	(4201, 'meresahkan', 'negatif'),
	(4202, 'meribut', 'negatif'),
	(4203, 'meributkan', 'negatif'),
	(4204, 'mericuhkan', 'negatif'),
	(4205, 'meringis', 'negatif'),
	(4206, 'meringkuk', 'negatif'),
	(4207, 'meringkus', 'negatif'),
	(4208, 'merintih', 'negatif'),
	(4209, 'merisau', 'negatif'),
	(4210, 'merisaukan', 'negatif'),
	(4211, 'merobek', 'negatif'),
	(4212, 'merobek-robek', 'negatif'),
	(4213, 'merobohkan', 'negatif'),
	(4214, 'merompak', 'negatif'),
	(4215, 'merongrong', 'negatif'),
	(4216, 'meronta', 'negatif'),
	(4217, 'meronta-ronta', 'negatif'),
	(4218, 'merosot', 'negatif'),
	(4219, 'meruetkan', 'negatif'),
	(4220, 'merugi', 'negatif'),
	(4221, 'merugikan', 'negatif'),
	(4222, 'merumahkan', 'negatif'),
	(4223, 'merumitkan', 'negatif'),
	(4224, 'merumpi', 'negatif'),
	(4225, 'meruncing', 'negatif'),
	(4226, 'merundung', 'negatif'),
	(4227, 'merunyamkan', 'negatif'),
	(4228, 'merusak', 'negatif'),
	(4229, 'merusakkan', 'negatif'),
	(4230, 'merusuh', 'negatif'),
	(4231, 'merusuhi', 'negatif'),
	(4232, 'merusuhkan', 'negatif'),
	(4233, 'meruwetkan', 'negatif'),
	(4234, 'mestinya', 'negatif'),
	(4235, 'mesum', 'negatif'),
	(4236, 'mewabah', 'negatif'),
	(4237, 'meyikut', 'negatif'),
	(4238, 'minder', 'negatif'),
	(4239, 'minggat', 'negatif'),
	(4240, 'minim', 'negatif'),
	(4241, 'minta-minta', 'negatif'),
	(4242, 'minus', 'negatif'),
	(4243, 'miring', 'negatif'),
	(4244, 'miris', 'negatif'),
	(4245, 'miskin', 'negatif'),
	(4246, 'mistis', 'negatif'),
	(4247, 'misuh', 'negatif'),
	(4248, 'modar', 'negatif'),
	(4249, 'mogok', 'negatif'),
	(4250, 'molor', 'negatif'),
	(4251, 'monopoli', 'negatif'),
	(4252, 'monoton', 'negatif'),
	(4253, 'morat-marit', 'negatif'),
	(4254, 'muak', 'negatif'),
	(4255, 'mubazir', 'negatif'),
	(4256, 'mucikari', 'negatif'),
	(4257, 'mudharat', 'negatif'),
	(4258, 'munafik', 'negatif'),
	(4259, 'mundur', 'negatif'),
	(4260, 'mungkar', 'negatif'),
	(4261, 'mungkir', 'negatif'),
	(4262, 'muntaber', 'negatif'),
	(4263, 'muntah', 'negatif'),
	(4264, 'muntahan', 'negatif'),
	(4265, 'murahan', 'negatif'),
	(4266, 'muram', 'negatif'),
	(4267, 'murka', 'negatif'),
	(4268, 'murtad', 'negatif'),
	(4269, 'murung', 'negatif'),
	(4270, 'musibah', 'negatif'),
	(4271, 'muslihat', 'negatif'),
	(4272, 'musnah', 'negatif'),
	(4273, 'mustahil', 'negatif'),
	(4274, 'musuh', 'negatif'),
	(4275, 'musyrik', 'negatif'),
	(4276, 'mutilas', 'negatif'),
	(4277, 'mutilasi', 'negatif'),
	(4278, 'naas', 'negatif'),
	(4279, 'nafi', 'negatif'),
	(4280, 'naga-naganya', 'negatif'),
	(4281, 'naik turun', 'negatif'),
	(4282, 'najis', 'negatif'),
	(4283, 'nakal', 'negatif'),
	(4284, 'nanar', 'negatif'),
	(4285, 'narapidana', 'negatif'),
	(4286, 'narkoba', 'negatif'),
	(4287, 'narkotik', 'negatif'),
	(4288, 'narkotika', 'negatif'),
	(4289, 'narsis', 'negatif'),
	(4290, 'narsisme', 'negatif'),
	(4291, 'negatif', 'negatif'),
	(4292, 'nekad', 'negatif'),
	(4293, 'nekat', 'negatif'),
	(4294, 'nekat-nekat', 'negatif'),
	(4295, 'neko-neko', 'negatif'),
	(4296, 'nelangsa', 'negatif'),
	(4297, 'nepotisme', 'negatif'),
	(4298, 'neraka', 'negatif'),
	(4299, 'nestapa', 'negatif'),
	(4300, 'ngacir', 'negatif'),
	(4301, 'ngelantur', 'negatif'),
	(4302, 'ngenes', 'negatif'),
	(4303, 'ngeri', 'negatif'),
	(4304, 'ngerumpi', 'negatif'),
	(4305, 'ngeyel', 'negatif'),
	(4306, 'ngilu', 'negatif'),
	(4307, 'ngotot', 'negatif'),
	(4308, 'ngoyo', 'negatif'),
	(4309, 'nihil', 'negatif'),
	(4310, 'nista', 'negatif'),
	(4311, 'njelimet', 'negatif'),
	(4312, 'no comment', 'negatif'),
	(4313, 'nonkooperatif', 'negatif'),
	(4314, 'nonproduktif', 'negatif'),
	(4315, 'nonsens', 'negatif'),
	(4316, 'norak', 'negatif'),
	(4317, 'nyampah', 'negatif'),
	(4318, 'nyelekit', 'negatif'),
	(4319, 'nyerocos', 'negatif'),
	(4320, 'nyinyir', 'negatif'),
	(4321, 'obrak-abrik', 'negatif'),
	(4322, 'obsesi', 'negatif'),
	(4323, 'obsesif', 'negatif'),
	(4324, 'obsolet', 'negatif'),
	(4325, 'ocehan', 'negatif'),
	(4326, 'ogah', 'negatif'),
	(4327, 'ogah-ogahan', 'negatif'),
	(4328, 'oknum', 'negatif'),
	(4329, 'oleng', 'negatif'),
	(4330, 'olok-olok', 'negatif'),
	(4331, 'olok-olokan', 'negatif'),
	(4332, 'ombang-ambing', 'negatif'),
	(4333, 'omel', 'negatif'),
	(4334, 'omelan', 'negatif'),
	(4335, 'onak', 'negatif'),
	(4336, 'onar', 'negatif'),
	(4337, 'ongkang-ongkang', 'negatif'),
	(4338, 'opium', 'negatif'),
	(4339, 'oplosan', 'negatif'),
	(4340, 'oportunis', 'negatif'),
	(4341, 'ostentasi', 'negatif'),
	(4342, 'otoriter', 'negatif'),
	(4343, 'paceklik', 'negatif'),
	(4344, 'padahal', 'negatif'),
	(4345, 'padat', 'negatif'),
	(4346, 'paedofil', 'negatif'),
	(4347, 'pahit', 'negatif'),
	(4348, 'pailit', 'negatif'),
	(4349, 'paksa', 'negatif'),
	(4350, 'paksa-paksa', 'negatif'),
	(4351, 'paksaan', 'negatif'),
	(4352, 'palak', 'negatif'),
	(4353, 'paling banter', 'negatif'),
	(4354, 'palsu', 'negatif'),
	(4355, 'pamer', 'negatif'),
	(4356, 'pamrih', 'negatif'),
	(4357, 'pandemi', 'negatif'),
	(4358, 'pandemik', 'negatif'),
	(4359, 'pandir', 'negatif'),
	(4360, 'panik', 'negatif'),
	(4361, 'parah', 'negatif'),
	(4362, 'paranoia', 'negatif'),
	(4363, 'paranoid', 'negatif'),
	(4364, 'parasit', 'negatif'),
	(4365, 'pas-pasan', 'negatif'),
	(4366, 'pasai', 'negatif'),
	(4367, 'pasif', 'negatif'),
	(4368, 'pasung', 'negatif'),
	(4369, 'pasungan', 'negatif'),
	(4370, 'payah', 'negatif'),
	(4371, 'pecandu', 'negatif'),
	(4372, 'pecat', 'negatif'),
	(4373, 'pecundang', 'negatif'),
	(4374, 'pedih', 'negatif'),
	(4375, 'pedofil', 'negatif'),
	(4376, 'pelabrakan', 'negatif'),
	(4377, 'pelacur', 'negatif'),
	(4378, 'pelacuran', 'negatif'),
	(4379, 'pelaknatan', 'negatif'),
	(4380, 'pelalai', 'negatif'),
	(4381, 'pelalaian', 'negatif'),
	(4382, 'pelambatan', 'negatif'),
	(4383, 'pelampiasan', 'negatif'),
	(4384, 'pelanggar', 'negatif'),
	(4385, 'pelanggaran', 'negatif'),
	(4386, 'pelecehan', 'negatif'),
	(4387, 'peledak', 'negatif'),
	(4388, 'peledakan', 'negatif'),
	(4389, 'pelenyapan', 'negatif'),
	(4390, 'pelik', 'negatif'),
	(4391, 'pelit', 'negatif'),
	(4392, 'pelonco', 'negatif'),
	(4393, 'pelumpuhan', 'negatif'),
	(4394, 'pelupa', 'negatif'),
	(4395, 'pemabuk', 'negatif'),
	(4396, 'pemadat', 'negatif'),
	(4397, 'pemaksaan', 'negatif'),
	(4398, 'pemalakan', 'negatif'),
	(4399, 'pemalas', 'negatif'),
	(4400, 'pemalsu', 'negatif'),
	(4401, 'pemalsuan', 'negatif'),
	(4402, 'pemandulan', 'negatif'),
	(4403, 'pemarah', 'negatif'),
	(4404, 'pemasungan', 'negatif'),
	(4405, 'pembacokan', 'negatif'),
	(4406, 'pembakar', 'negatif'),
	(4407, 'pembakaran', 'negatif'),
	(4408, 'pembalakan', 'negatif'),
	(4409, 'pembalasan dendam', 'negatif'),
	(4410, 'pembangkang', 'negatif'),
	(4411, 'pembangkangan', 'negatif'),
	(4412, 'pembantah', 'negatif'),
	(4413, 'pembantahan', 'negatif'),
	(4414, 'pembantaian', 'negatif'),
	(4415, 'pembatalan', 'negatif'),
	(4416, 'pembatasan', 'negatif'),
	(4417, 'pembebanan', 'negatif'),
	(4418, 'pembeberan', 'negatif'),
	(4419, 'pembelengguan', 'negatif'),
	(4420, 'pemberantakan', 'negatif'),
	(4421, 'pemblokiran', 'negatif'),
	(4422, 'pembobol', 'negatif'),
	(4423, 'pembobolan', 'negatif'),
	(4424, 'pembocoran', 'negatif'),
	(4425, 'pembodohan', 'negatif'),
	(4426, 'pembohong', 'negatif'),
	(4427, 'pemboikotan', 'negatif'),
	(4428, 'pembolos', 'negatif'),
	(4429, 'pembolosan', 'negatif'),
	(4430, 'pembombardiran', 'negatif'),
	(4431, 'pemboros', 'negatif'),
	(4432, 'pemborosan', 'negatif'),
	(4433, 'pembunuh', 'negatif'),
	(4434, 'pembunuh bayaran', 'negatif'),
	(4435, 'pembunuhan', 'negatif'),
	(4436, 'pemecah belah', 'negatif'),
	(4437, 'pemecatan', 'negatif'),
	(4438, 'pemerosotan', 'negatif'),
	(4439, 'pemfitnah', 'negatif'),
	(4440, 'pemforsiran', 'negatif'),
	(4441, 'pemogok', 'negatif'),
	(4442, 'pemogokan', 'negatif'),
	(4443, 'pemojokan', 'negatif'),
	(4444, 'pemrotes', 'negatif'),
	(4445, 'pemrotesan', 'negatif'),
	(4446, 'pemukulan', 'negatif'),
	(4447, 'pemurtadan', 'negatif'),
	(4448, 'pemusnahan', 'negatif'),
	(4449, 'penabok', 'negatif'),
	(4450, 'penabokan', 'negatif'),
	(4451, 'penabrak', 'negatif'),
	(4452, 'penabrakan', 'negatif'),
	(4453, 'penakut', 'negatif'),
	(4454, 'penalti', 'negatif'),
	(4455, 'penampar', 'negatif'),
	(4456, 'penamparan', 'negatif'),
	(4457, 'penawanan', 'negatif'),
	(4458, 'pencabulan', 'negatif'),
	(4459, 'pencaci', 'negatif'),
	(4460, 'pencaci maki', 'negatif'),
	(4461, 'pencacimakian', 'negatif'),
	(4462, 'pencaloan', 'negatif'),
	(4463, 'pencambukan', 'negatif'),
	(4464, 'pencaplok', 'negatif'),
	(4465, 'pencaplokan', 'negatif'),
	(4466, 'pencari kesalahan', 'negatif'),
	(4467, 'pencari muka', 'negatif'),
	(4468, 'pencatut', 'negatif'),
	(4469, 'pencatutan', 'negatif'),
	(4470, 'pencegatan', 'negatif'),
	(4471, 'pencekalan', 'negatif'),
	(4472, 'pencela', 'negatif'),
	(4473, 'pencelaan', 'negatif'),
	(4474, 'pencemar', 'negatif'),
	(4475, 'pencemaran', 'negatif'),
	(4476, 'pencerca', 'negatif'),
	(4477, 'pencercaan', 'negatif'),
	(4478, 'pencibir', 'negatif'),
	(4479, 'pencibiran', 'negatif'),
	(4480, 'pencomel', 'negatif'),
	(4481, 'pencontek', 'negatif'),
	(4482, 'pencontekan', 'negatif'),
	(4483, 'pencopet', 'negatif'),
	(4484, 'pencopetan', 'negatif'),
	(4485, 'pencopotan', 'negatif'),
	(4486, 'pencorengan', 'negatif'),
	(4487, 'pencuci otak', 'negatif'),
	(4488, 'pencuci uang', 'negatif'),
	(4489, 'pencucian otak', 'negatif'),
	(4490, 'pencucian uang', 'negatif'),
	(4491, 'penculik', 'negatif'),
	(4492, 'penculikan', 'negatif'),
	(4493, 'pencuri', 'negatif'),
	(4494, 'pencurian', 'negatif'),
	(4495, 'pendakwaan', 'negatif'),
	(4496, 'pendalangan', 'negatif'),
	(4497, 'pendarahan', 'negatif'),
	(4498, 'pendendam', 'negatif'),
	(4499, 'pendengki', 'negatif'),
	(4500, 'pendepakan', 'negatif'),
	(4501, 'pendeportasian', 'negatif'),
	(4502, 'penderita', 'negatif'),
	(4503, 'pendesakan', 'negatif'),
	(4504, 'pendiskriminasian', 'negatif'),
	(4505, 'pendiskualifikasian', 'negatif'),
	(4506, 'pendobrakan', 'negatif'),
	(4507, 'pendoktrin', 'negatif'),
	(4508, 'pendoktrinan', 'negatif'),
	(4509, 'pendompleng', 'negatif'),
	(4510, 'pendomplengan', 'negatif'),
	(4511, 'pendosa', 'negatif'),
	(4512, 'pendurhaka', 'negatif'),
	(4513, 'pendurhakaan', 'negatif'),
	(4514, 'pendusta', 'negatif'),
	(4515, 'pendustaan', 'negatif'),
	(4516, 'penebang', 'negatif'),
	(4517, 'penebangan', 'negatif'),
	(4518, 'penegatifan', 'negatif'),
	(4519, 'penelanjangan', 'negatif'),
	(4520, 'penelantaran', 'negatif'),
	(4521, 'penembakan', 'negatif'),
	(4522, 'penempeleng', 'negatif'),
	(4523, 'penempelengan', 'negatif'),
	(4524, 'penentang', 'negatif'),
	(4525, 'penentangan', 'negatif'),
	(4526, 'peneror', 'negatif'),
	(4527, 'peneroran', 'negatif'),
	(4528, 'pengabaian', 'negatif'),
	(4529, 'pengacau', 'negatif'),
	(4530, 'pengacauan', 'negatif'),
	(4531, 'pengadu domba', 'negatif'),
	(4532, 'pengaduan', 'negatif'),
	(4533, 'pengangguran', 'negatif'),
	(4534, 'pengebirian', 'negatif'),
	(4535, 'pengebom', 'negatif'),
	(4536, 'pengeboman', 'negatif'),
	(4537, 'pengecam', 'negatif'),
	(4538, 'pengecaman', 'negatif'),
	(4539, 'pengecoh', 'negatif'),
	(4540, 'pengecohan', 'negatif'),
	(4541, 'pengecut', 'negatif'),
	(4542, 'pengekangan', 'negatif'),
	(4543, 'pengeksploitasi', 'negatif'),
	(4544, 'pengeksploitasian', 'negatif'),
	(4545, 'pengekspos', 'negatif'),
	(4546, 'pengeksposan', 'negatif'),
	(4547, 'pengelabuan', 'negatif'),
	(4548, 'pengelakan', 'negatif'),
	(4549, 'pengeluh', 'negatif'),
	(4550, 'pengembar-gemboran', 'negatif'),
	(4551, 'pengemis', 'negatif'),
	(4552, 'pengemplang', 'negatif'),
	(4553, 'pengeroyokan', 'negatif'),
	(4554, 'penggandaan uang', 'negatif'),
	(4555, 'pengganggu', 'negatif'),
	(4556, 'pengganjalan', 'negatif'),
	(4557, 'penggasak', 'negatif'),
	(4558, 'penggasakan', 'negatif'),
	(4559, 'penggdoran', 'negatif'),
	(4560, 'penggembungan', 'negatif'),
	(4561, 'penggerebekan', 'negatif'),
	(4562, 'penggerogotan', 'negatif'),
	(4563, 'penggerutu', 'negatif'),
	(4564, 'penggorokan', 'negatif'),
	(4565, 'penggosip', 'negatif'),
	(4566, 'penggrebekan', 'negatif'),
	(4567, 'penggugatan', 'negatif'),
	(4568, 'penggulingan', 'negatif'),
	(4569, 'penggusuran', 'negatif'),
	(4570, 'penghalang', 'negatif'),
	(4571, 'penghalang-halangan', 'negatif'),
	(4572, 'penghancuran', 'negatif'),
	(4573, 'penghancurleburan', 'negatif'),
	(4574, 'penghasudan', 'negatif'),
	(4575, 'penghasut', 'negatif'),
	(4576, 'penghasutan', 'negatif'),
	(4577, 'penghinaan', 'negatif'),
	(4578, 'penghujat', 'negatif'),
	(4579, 'penghujatan', 'negatif'),
	(4580, 'pengibul', 'negatif'),
	(4581, 'pengibulan', 'negatif'),
	(4582, 'pengidap', 'negatif'),
	(4583, 'pengingkaran', 'negatif'),
	(4584, 'pengisolasian', 'negatif'),
	(4585, 'pengkhianat', 'negatif'),
	(4586, 'pengkhianatan', 'negatif'),
	(4587, 'pengkritik', 'negatif'),
	(4588, 'pengomel', 'negatif'),
	(4589, 'pengotoran', 'negatif'),
	(4590, 'pengucilan', 'negatif'),
	(4591, 'pengumpat', 'negatif'),
	(4592, 'pengumpatan', 'negatif'),
	(4593, 'pengungkungan', 'negatif'),
	(4594, 'pengunjuk rasa', 'negatif'),
	(4595, 'penguntit', 'negatif'),
	(4596, 'pengurungan', 'negatif'),
	(4597, 'pengusik', 'negatif'),
	(4598, 'pengusir', 'negatif'),
	(4599, 'pengusiran', 'negatif'),
	(4600, 'penikam', 'negatif'),
	(4601, 'penikaman', 'negatif'),
	(4602, 'penilap', 'negatif'),
	(4603, 'penilapan', 'negatif'),
	(4604, 'penilep', 'negatif'),
	(4605, 'penilepan', 'negatif'),
	(4606, 'penindas', 'negatif'),
	(4607, 'penindasa', 'negatif'),
	(4608, 'penindasan', 'negatif'),
	(4609, 'peninju', 'negatif'),
	(4610, 'penipu', 'negatif'),
	(4611, 'penipuan', 'negatif'),
	(4612, 'peniru', 'negatif'),
	(4613, 'penistaan', 'negatif'),
	(4614, 'penjajah', 'negatif'),
	(4615, 'penjajahan', 'negatif'),
	(4616, 'penjambret', 'negatif'),
	(4617, 'penjambretan', 'negatif'),
	(4618, 'penjarah', 'negatif'),
	(4619, 'penjarahan', 'negatif'),
	(4620, 'penjatuhan', 'negatif'),
	(4621, 'penjegalan', 'negatif'),
	(4622, 'penjudi', 'negatif'),
	(4623, 'penodong', 'negatif'),
	(4624, 'penodongan', 'negatif'),
	(4625, 'penolakan', 'negatif'),
	(4626, 'penonjok', 'negatif'),
	(4627, 'penonjokan', 'negatif'),
	(4628, 'pensomasian', 'negatif'),
	(4629, 'penular', 'negatif'),
	(4630, 'penularan', 'negatif'),
	(4631, 'penumpukan', 'negatif'),
	(4632, 'penundaan', 'negatif'),
	(4633, 'penunggak', 'negatif'),
	(4634, 'penunggakan', 'negatif'),
	(4635, 'penusuk', 'negatif'),
	(4636, 'penusukan', 'negatif'),
	(4637, 'penyabotase', 'negatif'),
	(4638, 'penyabotasean', 'negatif'),
	(4639, 'penyadap', 'negatif'),
	(4640, 'penyadapan', 'negatif'),
	(4641, 'penyakit', 'negatif'),
	(4642, 'penyakitan', 'negatif'),
	(4643, 'penyalahan', 'negatif'),
	(4644, 'penyalahartian', 'negatif'),
	(4645, 'penyalahgunaan', 'negatif'),
	(4646, 'penyamun', 'negatif'),
	(4647, 'penyandera', 'negatif'),
	(4648, 'penyanderaan', 'negatif'),
	(4649, 'penyanggah', 'negatif'),
	(4650, 'penyanggahan', 'negatif'),
	(4651, 'penyangkal', 'negatif'),
	(4652, 'penyangkalan', 'negatif'),
	(4653, 'penyangsi', 'negatif'),
	(4654, 'penyia-nyiaan', 'negatif'),
	(4655, 'penyiksa', 'negatif'),
	(4656, 'penyiksaan', 'negatif'),
	(4657, 'penyikut', 'negatif'),
	(4658, 'penyikutan', 'negatif'),
	(4659, 'penyimpang', 'negatif'),
	(4660, 'penyimpangan', 'negatif'),
	(4661, 'penyindir', 'negatif'),
	(4662, 'penyindiran', 'negatif'),
	(4663, 'penyitaan', 'negatif'),
	(4664, 'penyobekan', 'negatif'),
	(4665, 'penyodomi', 'negatif'),
	(4666, 'penyodomian', 'negatif'),
	(4667, 'penyogok', 'negatif'),
	(4668, 'penyogokan', 'negatif'),
	(4669, 'penyombong', 'negatif'),
	(4670, 'penyontekan', 'negatif'),
	(4671, 'penyuap', 'negatif'),
	(4672, 'penyuapan', 'negatif'),
	(4673, 'penyulit', 'negatif'),
	(4674, 'penyulitan', 'negatif'),
	(4675, 'penyulut', 'negatif'),
	(4676, 'penyumpahan', 'negatif'),
	(4677, 'penyusahan', 'negatif'),
	(4678, 'penyusutan', 'negatif'),
	(4679, 'penzamiman', 'negatif'),
	(4680, 'peracunan', 'negatif'),
	(4681, 'peradangan', 'negatif'),
	(4682, 'peragu', 'negatif'),
	(4683, 'perampas', 'negatif'),
	(4684, 'perampasan', 'negatif'),
	(4685, 'perampok', 'negatif'),
	(4686, 'perampokan', 'negatif'),
	(4687, 'perancuan', 'negatif'),
	(4688, 'peratapan', 'negatif'),
	(4689, 'percaloan', 'negatif'),
	(4690, 'percekcokan', 'negatif'),
	(4691, 'percuma', 'negatif'),
	(4692, 'perdebatan', 'negatif'),
	(4693, 'perdukunan', 'negatif'),
	(4694, 'peremehan', 'negatif'),
	(4695, 'perenggutan', 'negatif'),
	(4696, 'peretak', 'negatif'),
	(4697, 'peretakan', 'negatif'),
	(4698, 'pergi', 'negatif'),
	(4699, 'pergolakan', 'negatif'),
	(4700, 'pergunjingan', 'negatif'),
	(4701, 'peribut', 'negatif'),
	(4702, 'peributan', 'negatif'),
	(4703, 'pericuh', 'negatif'),
	(4704, 'pericuhan', 'negatif'),
	(4705, 'perisauan', 'negatif'),
	(4706, 'perjudian', 'negatif'),
	(4707, 'perkelahian', 'negatif'),
	(4708, 'perlambatan', 'negatif'),
	(4709, 'permusuhan', 'negatif'),
	(4710, 'perobekan', 'negatif'),
	(4711, 'perobohan', 'negatif'),
	(4712, 'perompak', 'negatif'),
	(4713, 'perompakan', 'negatif'),
	(4714, 'peroncean', 'negatif'),
	(4715, 'perongrong', 'negatif'),
	(4716, 'perongrongan', 'negatif'),
	(4717, 'perpecahan', 'negatif'),
	(4718, 'perpisahan', 'negatif'),
	(4719, 'persabungan', 'negatif'),
	(4720, 'persoalan', 'negatif'),
	(4721, 'persoalkan', 'negatif'),
	(4722, 'pertanggungjawaban', 'negatif'),
	(4723, 'pertengkaran', 'negatif'),
	(4724, 'pertentangan', 'negatif'),
	(4725, 'pertikaian', 'negatif'),
	(4726, 'pertumpahan darah', 'negatif'),
	(4727, 'perusak', 'negatif'),
	(4728, 'perusakan', 'negatif'),
	(4729, 'perusuh', 'negatif'),
	(4730, 'perusuhan', 'negatif'),
	(4731, 'perzinaan', 'negatif'),
	(4732, 'perzinahan', 'negatif'),
	(4733, 'pesakitan', 'negatif'),
	(4734, 'pezina', 'negatif'),
	(4735, 'pezinah', 'negatif'),
	(4736, 'picik', 'negatif'),
	(4737, 'pidana', 'negatif'),
	(4738, 'pilu', 'negatif'),
	(4739, 'pincang', 'negatif'),
	(4740, 'plagiarisme', 'negatif'),
	(4741, 'plagiat', 'negatif'),
	(4742, 'plagiator', 'negatif'),
	(4743, 'plin-plan', 'negatif'),
	(4744, 'plintat-plintut', 'negatif'),
	(4745, 'polemik', 'negatif'),
	(4746, 'politis', 'negatif'),
	(4747, 'polusi', 'negatif'),
	(4748, 'polutan', 'negatif'),
	(4749, 'pongah', 'negatif'),
	(4750, 'porak-poranda', 'negatif'),
	(4751, 'porno', 'negatif'),
	(4752, 'pornoaksi', 'negatif'),
	(4753, 'pornografi', 'negatif'),
	(4754, 'pornografis', 'negatif'),
	(4755, 'porot', 'negatif'),
	(4756, 'posesif', 'negatif'),
	(4757, 'prahara', 'negatif'),
	(4758, 'prasangka', 'negatif'),
	(4759, 'prasangka buruk', 'negatif'),
	(4760, 'prasejahtera', 'negatif'),
	(4761, 'preman', 'negatif'),
	(4762, 'pretensi', 'negatif'),
	(4763, 'prihatin', 'negatif'),
	(4764, 'primitif', 'negatif'),
	(4765, 'problem', 'negatif'),
	(4766, 'problematik', 'negatif'),
	(4767, 'problematika', 'negatif'),
	(4768, 'problematis', 'negatif'),
	(4769, 'profan', 'negatif'),
	(4770, 'profanitas', 'negatif'),
	(4771, 'propaganda', 'negatif'),
	(4772, 'prostitusi', 'negatif'),
	(4773, 'protes', 'negatif'),
	(4774, 'provokasi', 'negatif'),
	(4775, 'provokatif', 'negatif'),
	(4776, 'provokator', 'negatif'),
	(4777, 'psikopat', 'negatif'),
	(4778, 'psikotropika', 'negatif'),
	(4779, 'pukul-memukul', 'negatif'),
	(4780, 'pungli', 'negatif'),
	(4781, 'pupus', 'negatif'),
	(4782, 'pura-pura', 'negatif'),
	(4783, 'pusing', 'negatif'),
	(4784, 'puso', 'negatif'),
	(4785, 'puyeng', 'negatif'),
	(4786, 'rabies', 'negatif'),
	(4787, 'rabun', 'negatif'),
	(4788, 'racau', 'negatif'),
	(4789, 'racun', 'negatif'),
	(4790, 'radang', 'negatif'),
	(4791, 'radikal', 'negatif'),
	(4792, 'radikalisasi', 'negatif'),
	(4793, 'radikalisme', 'negatif'),
	(4794, 'ragu', 'negatif'),
	(4795, 'ragu-ragu', 'negatif'),
	(4796, 'raib', 'negatif'),
	(4797, 'rajam', 'negatif'),
	(4798, 'rakus', 'negatif'),
	(4799, 'ramak', 'negatif'),
	(4800, 'rampas', 'negatif'),
	(4801, 'rampasan', 'negatif'),
	(4802, 'rampok', 'negatif'),
	(4803, 'rampokan', 'negatif'),
	(4804, 'rancu', 'negatif'),
	(4805, 'rapuh', 'negatif'),
	(4806, 'rasis', 'negatif'),
	(4807, 'rasisme', 'negatif'),
	(4808, 'ratapan', 'negatif'),
	(4809, 'rawan', 'negatif'),
	(4810, 'rekayasa', 'negatif'),
	(4811, 'remeh', 'negatif'),
	(4812, 'rendah', 'negatif'),
	(4813, 'rendahan', 'negatif'),
	(4814, 'rengek', 'negatif'),
	(4815, 'renggut', 'negatif'),
	(4816, 'rentan', 'negatif'),
	(4817, 'rentenir', 'negatif'),
	(4818, 'reot', 'negatif'),
	(4819, 'repot', 'negatif'),
	(4820, 'resah', 'negatif'),
	(4821, 'resek', 'negatif'),
	(4822, 'resesi', 'negatif'),
	(4823, 'residivis', 'negatif'),
	(4824, 'restriktif', 'negatif'),
	(4825, 'retak', 'negatif'),
	(4826, 'retorsi', 'negatif'),
	(4827, 'retrogresi', 'negatif'),
	(4828, 'rewel', 'negatif'),
	(4829, 'rezim', 'negatif'),
	(4830, 'riba', 'negatif'),
	(4831, 'ribut', 'negatif'),
	(4832, 'ricuh', 'negatif'),
	(4833, 'ringsek', 'negatif'),
	(4834, 'rintih', 'negatif'),
	(4835, 'rintihan', 'negatif'),
	(4836, 'risau', 'negatif'),
	(4837, 'risih', 'negatif'),
	(4838, 'risiko', 'negatif'),
	(4839, 'riskan', 'negatif'),
	(4840, 'riya', 'negatif'),
	(4841, 'roboh', 'negatif'),
	(4842, 'rodi', 'negatif'),
	(4843, 'rompak', 'negatif'),
	(4844, 'ronce', 'negatif'),
	(4845, 'rongrong', 'negatif'),
	(4846, 'rongrongan', 'negatif'),
	(4847, 'rongsok', 'negatif'),
	(4848, 'rongsokan', 'negatif'),
	(4849, 'ronta', 'negatif'),
	(4850, 'rugi', 'negatif'),
	(4851, 'rumit', 'negatif'),
	(4852, 'rumpi', 'negatif'),
	(4853, 'runtuh', 'negatif'),
	(4854, 'runyam', 'negatif'),
	(4855, 'rusak', 'negatif'),
	(4856, 'rusuh', 'negatif'),
	(4857, 'ruwet', 'negatif'),
	(4858, 'sableng', 'negatif'),
	(4859, 'sabotase', 'negatif'),
	(4860, 'sabu-sabu', 'negatif'),
	(4861, 'sabung', 'negatif'),
	(4862, 'sadap', 'negatif'),
	(4863, 'sadis', 'negatif'),
	(4864, 'sadisme', 'negatif'),
	(4865, 'sado masokis', 'negatif'),
	(4866, 'sajen', 'negatif'),
	(4867, 'sakit', 'negatif'),
	(4868, 'sakit-sakitan', 'negatif'),
	(4869, 'sakiti', 'negatif'),
	(4870, 'salah', 'negatif'),
	(4871, 'salah arti', 'negatif'),
	(4872, 'salah artikan', 'negatif'),
	(4873, 'salah guna', 'negatif'),
	(4874, 'salah gunakan', 'negatif'),
	(4875, 'salah-salah', 'negatif'),
	(4876, 'samaran', 'negatif'),
	(4877, 'sambit', 'negatif'),
	(4878, 'sandera', 'negatif'),
	(4879, 'sandewa', 'negatif'),
	(4880, 'sandungan', 'negatif'),
	(4881, 'sanggah', 'negatif'),
	(4882, 'sanggahan', 'negatif'),
	(4883, 'sangkaan', 'negatif'),
	(4884, 'sangkal', 'negatif'),
	(4885, 'sangkalan', 'negatif'),
	(4886, 'sangsi', 'negatif'),
	(4887, 'sanksi', 'negatif'),
	(4888, 'santer', 'negatif'),
	(4889, 'santet', 'negatif'),
	(4890, 'sarkasme', 'negatif'),
	(4891, 'sarkastik', 'negatif'),
	(4892, 'sayangkan', 'negatif'),
	(4893, 'scripted', 'negatif'),
	(4894, 'sebaliknya', 'negatif'),
	(4895, 'sebatas', 'negatif'),
	(4896, 'secuil', 'negatif'),
	(4897, 'sedih', 'negatif'),
	(4898, 'seemosional', 'negatif'),
	(4899, 'seenaknya', 'negatif'),
	(4900, 'sefanatik', 'negatif'),
	(4901, 'segelintir', 'negatif'),
	(4902, 'seharusnya', 'negatif'),
	(4903, 'sekehendak', 'negatif'),
	(4904, 'sekptis', 'negatif'),
	(4905, 'sembarang', 'negatif'),
	(4906, 'sembunyi', 'negatif'),
	(4907, 'sembunyi tangan', 'negatif'),
	(4908, 'sengketa', 'negatif'),
	(4909, 'sesuka hati', 'negatif'),
	(4910, 'sesukanya', 'negatif'),
	(4911, 'sesumbar', 'negatif'),
	(4912, 'setengah-setengah', 'negatif'),
	(4913, 'seterpuruk', 'negatif'),
	(4914, 'sewenang-wenang', 'negatif'),
	(4915, 'seyogyanya', 'negatif'),
	(4916, 'sia-sia', 'negatif'),
	(4917, 'sial', 'negatif'),
	(4918, 'sialan', 'negatif'),
	(4919, 'siksa', 'negatif'),
	(4920, 'siksaan', 'negatif'),
	(4921, 'sikut-menyikut', 'negatif'),
	(4922, 'sikut-sikutan', 'negatif'),
	(4923, 'silang segketa', 'negatif'),
	(4924, 'siluman', 'negatif'),
	(4925, 'simpang siur', 'negatif'),
	(4926, 'sindikat', 'negatif'),
	(4927, 'sindir', 'negatif'),
	(4928, 'sindir-menyindir', 'negatif'),
	(4929, 'sindiran', 'negatif'),
	(4930, 'sinis', 'negatif'),
	(4931, 'sinisme', 'negatif'),
	(4932, 'sinting', 'negatif'),
	(4933, 'sinyalir', 'negatif'),
	(4934, 'sirik', 'negatif'),
	(4935, 'sirikan', 'negatif'),
	(4936, 'sita', 'negatif'),
	(4937, 'sitaan', 'negatif'),
	(4938, 'siwer', 'negatif'),
	(4939, 'skandal', 'negatif'),
	(4940, 'skeptis', 'negatif'),
	(4941, 'skors', 'negatif'),
	(4942, 'slebor', 'negatif'),
	(4943, 'soak', 'negatif'),
	(4944, 'sodomi', 'negatif'),
	(4945, 'sogok', 'negatif'),
	(4946, 'sogokan', 'negatif'),
	(4947, 'somasi', 'negatif'),
	(4948, 'sombong', 'negatif'),
	(4949, 'songong', 'negatif'),
	(4950, 'sontoloyo', 'negatif'),
	(4951, 'spekulan', 'negatif'),
	(4952, 'spekulasi', 'negatif'),
	(4953, 'stagnan', 'negatif'),
	(4954, 'stagnasi', 'negatif'),
	(4955, 'statis', 'negatif'),
	(4956, 'stres', 'negatif'),
	(4957, 'striptis', 'negatif'),
	(4958, 'stroke', 'negatif'),
	(4959, 'suap', 'negatif'),
	(4960, 'subjektif', 'negatif'),
	(4961, 'subyektif', 'negatif'),
	(4962, 'sudah padat', 'negatif'),
	(4963, 'sudah penuh', 'negatif'),
	(4964, 'suka-suka', 'negatif'),
	(4965, 'sukar', 'negatif'),
	(4966, 'sukarnya', 'negatif'),
	(4967, 'sulit', 'negatif'),
	(4968, 'sulitnya', 'negatif'),
	(4969, 'sumpah serapah', 'negatif'),
	(4970, 'sumpek', 'negatif'),
	(4971, 'sundal', 'negatif'),
	(4972, 'suram', 'negatif'),
	(4973, 'surat kaleng', 'negatif'),
	(4974, 'susah', 'negatif'),
	(4975, 'susah hati', 'negatif'),
	(4976, 'susahnya', 'negatif'),
	(4977, 'susuk', 'negatif'),
	(4978, 'suudon', 'negatif'),
	(4979, 'suudzan', 'negatif'),
	(4980, 'suudzon', 'negatif'),
	(4981, 'suuzan', 'negatif'),
	(4982, 'syahwat', 'negatif'),
	(4983, 'syirik', 'negatif'),
	(4984, 'syok', 'negatif'),
	(4985, 'syubhat', 'negatif'),
	(4986, 'syur', 'negatif'),
	(4987, 'tabok', 'negatif'),
	(4988, 'tabrakan', 'negatif'),
	(4989, 'tabu', 'negatif'),
	(4990, 'tagih', 'negatif'),
	(4991, 'tagihan', 'negatif'),
	(4992, 'tahanan', 'negatif'),
	(4993, 'tahi', 'negatif'),
	(4994, 'tak berkesudahan', 'negatif'),
	(4995, 'tak punya biaya', 'negatif'),
	(4996, 'takabur', 'negatif'),
	(4997, 'takhayul', 'negatif'),
	(4998, 'takut', 'negatif'),
	(4999, 'tamak', 'negatif'),
	(5000, 'tampar', 'negatif'),
	(5001, 'tamparan', 'negatif'),
	(5002, 'tandus', 'negatif'),
	(5003, 'tanggung', 'negatif'),
	(5004, 'tangis', 'negatif'),
	(5005, 'tangisan', 'negatif'),
	(5006, 'taruhan', 'negatif'),
	(5007, 'tawan', 'negatif'),
	(5008, 'tawanan', 'negatif'),
	(5009, 'tawuran', 'negatif'),
	(5010, 'tedeng aling-aling', 'negatif'),
	(5011, 'tega', 'negatif'),
	(5012, 'tegaan', 'negatif'),
	(5013, 'tekanan', 'negatif'),
	(5014, 'telantar', 'negatif'),
	(5015, 'telantarkan', 'negatif'),
	(5016, 'telat', 'negatif'),
	(5017, 'teler', 'negatif'),
	(5018, 'teluh', 'negatif'),
	(5019, 'tembak', 'negatif'),
	(5020, 'tembakan', 'negatif'),
	(5021, 'tempeleng', 'negatif'),
	(5022, 'tempelengan', 'negatif'),
	(5023, 'temperamen', 'negatif'),
	(5024, 'temperamental', 'negatif'),
	(5025, 'tenggelam', 'negatif'),
	(5026, 'tengik', 'negatif'),
	(5027, 'tengil', 'negatif'),
	(5028, 'tengkulak', 'negatif'),
	(5029, 'teperdaya', 'negatif'),
	(5030, 'terabaikan', 'negatif'),
	(5031, 'teracun', 'negatif'),
	(5032, 'teracuni', 'negatif'),
	(5033, 'teradu domba', 'negatif'),
	(5034, 'terampas', 'negatif'),
	(5035, 'terampok', 'negatif'),
	(5036, 'terancam', 'negatif'),
	(5037, 'terancukan', 'negatif'),
	(5038, 'terbakar', 'negatif'),
	(5039, 'terbalik', 'negatif'),
	(5040, 'terbaring', 'negatif'),
	(5041, 'terbata-bata', 'negatif'),
	(5042, 'terbatuk-batuk', 'negatif'),
	(5043, 'terbebani', 'negatif'),
	(5044, 'terbeberkan', 'negatif'),
	(5045, 'terbelenggu', 'negatif'),
	(5046, 'terbelit', 'negatif'),
	(5047, 'terbengkalai', 'negatif'),
	(5048, 'terbengong-bengong', 'negatif'),
	(5049, 'terbentur', 'negatif'),
	(5050, 'terblokir', 'negatif'),
	(5051, 'terbohongi', 'negatif'),
	(5052, 'terboikot', 'negatif'),
	(5053, 'terboros', 'negatif'),
	(5054, 'terbosan', 'negatif'),
	(5055, 'terbujur kaku', 'negatif'),
	(5056, 'terbunuh', 'negatif'),
	(5057, 'tercabik', 'negatif'),
	(5058, 'tercabik-cabik', 'negatif'),
	(5059, 'tercabul', 'negatif'),
	(5060, 'tercampakkan', 'negatif'),
	(5061, 'tercederai', 'negatif'),
	(5062, 'tercegat', 'negatif'),
	(5063, 'tercekal', 'negatif'),
	(5064, 'tercekik', 'negatif'),
	(5065, 'tercela', 'negatif'),
	(5066, 'tercemar', 'negatif'),
	(5067, 'tercengeng', 'negatif'),
	(5068, 'terceroboh', 'negatif'),
	(5069, 'tercongkak', 'negatif'),
	(5070, 'tercopet', 'negatif'),
	(5071, 'tercoreng', 'negatif'),
	(5072, 'tercoreng-moreng', 'negatif'),
	(5073, 'tercurang', 'negatif'),
	(5074, 'terdaif', 'negatif'),
	(5075, 'terdakwa', 'negatif'),
	(5076, 'terdampar', 'negatif'),
	(5077, 'terdamprat', 'negatif'),
	(5078, 'terdegradasi', 'negatif'),
	(5079, 'terdepak', 'negatif'),
	(5080, 'terdeportasi', 'negatif'),
	(5081, 'terdesak', 'negatif'),
	(5082, 'terdhaif', 'negatif'),
	(5083, 'terdhalim', 'negatif'),
	(5084, 'terdhalimi', 'negatif'),
	(5085, 'terdholim', 'negatif'),
	(5086, 'terdholimi', 'negatif'),
	(5087, 'terdiskriminasi', 'negatif'),
	(5088, 'terdiskualifikasi', 'negatif'),
	(5089, 'terdoktrin', 'negatif'),
	(5090, 'terdompleng', 'negatif'),
	(5091, 'terdungu', 'negatif'),
	(5092, 'terdurhaka', 'negatif'),
	(5093, 'terdurjana', 'negatif'),
	(5094, 'terdzalim', 'negatif'),
	(5095, 'terdzalimi', 'negatif'),
	(5096, 'teredan', 'negatif'),
	(5097, 'teregois', 'negatif'),
	(5098, 'tereksploitasi', 'negatif'),
	(5099, 'terekspos', 'negatif'),
	(5100, 'terekstrem', 'negatif'),
	(5101, 'terekstrim', 'negatif'),
	(5102, 'terengah-engah', 'negatif'),
	(5103, 'terenggut', 'negatif'),
	(5104, 'terfatal', 'negatif'),
	(5105, 'tergagap-gagap', 'negatif'),
	(5106, 'terganggu', 'negatif'),
	(5107, 'terganjal', 'negatif'),
	(5108, 'tergeletak', 'negatif'),
	(5109, 'tergesa-gesa', 'negatif'),
	(5110, 'tergopoh', 'negatif'),
	(5111, 'tergopoh-gpoh', 'negatif'),
	(5112, 'terguncang', 'negatif'),
	(5113, 'tergusur', 'negatif'),
	(5114, 'terhalang', 'negatif'),
	(5115, 'terhambat', 'negatif'),
	(5116, 'terhasut', 'negatif'),
	(5117, 'terheran-heran', 'negatif'),
	(5118, 'terhina', 'negatif'),
	(5119, 'teriakan', 'negatif'),
	(5120, 'teribut', 'negatif'),
	(5121, 'tericuh', 'negatif'),
	(5122, 'terinfeksi', 'negatif'),
	(5123, 'terinjak-injak', 'negatif'),
	(5124, 'terisak', 'negatif'),
	(5125, 'terisolasi', 'negatif'),
	(5126, 'terisolir', 'negatif'),
	(5127, 'terjajah', 'negatif'),
	(5128, 'terjerat', 'negatif'),
	(5129, 'terkapar', 'negatif'),
	(5130, 'terkasar', 'negatif'),
	(5131, 'terkatung-katung', 'negatif'),
	(5132, 'terkebiri', 'negatif'),
	(5133, 'terkecoh', 'negatif'),
	(5134, 'terkekang', 'negatif'),
	(5135, 'terkendala', 'negatif'),
	(5136, 'terkibuli', 'negatif'),
	(5137, 'terkontaminasi', 'negatif'),
	(5138, 'terkorup', 'negatif'),
	(5139, 'terkorupsi', 'negatif'),
	(5140, 'terkotor', 'negatif'),
	(5141, 'terkotori', 'negatif'),
	(5142, 'terkoyak', 'negatif'),
	(5143, 'terkucil', 'negatif'),
	(5144, 'terkulai', 'negatif'),
	(5145, 'terkungkung', 'negatif'),
	(5146, 'terkutuk', 'negatif'),
	(5147, 'terlalai', 'negatif'),
	(5148, 'terlalaikan', 'negatif'),
	(5149, 'terlalu', 'negatif'),
	(5150, 'terlalu murah', 'negatif'),
	(5151, 'terlambat', 'negatif'),
	(5152, 'terlampau', 'negatif'),
	(5153, 'terlanggar', 'negatif'),
	(5154, 'terlantar', 'negatif'),
	(5155, 'terlemah', 'negatif'),
	(5156, 'terlena', 'negatif'),
	(5157, 'terletih', 'negatif'),
	(5158, 'terlicik', 'negatif'),
	(5159, 'terloyo', 'negatif'),
	(5160, 'terluka', 'negatif'),
	(5161, 'terlunta', 'negatif'),
	(5162, 'terlunta-lunta', 'negatif'),
	(5163, 'terlupa', 'negatif'),
	(5164, 'termakan', 'negatif'),
	(5165, 'ternista', 'negatif'),
	(5166, 'ternoda', 'negatif'),
	(5167, 'ternodai', 'negatif'),
	(5168, 'terombang-ambing', 'negatif'),
	(5169, 'teror', 'negatif'),
	(5170, 'teroris', 'negatif'),
	(5171, 'terorisme', 'negatif'),
	(5172, 'terpaksa', 'negatif'),
	(5173, 'terpecah', 'negatif'),
	(5174, 'terpecah belah', 'negatif'),
	(5175, 'terpecah-pecah', 'negatif'),
	(5176, 'terpeleset', 'negatif'),
	(5177, 'terpengaruh', 'negatif'),
	(5178, 'terperdaya', 'negatif'),
	(5179, 'terpidana', 'negatif'),
	(5180, 'terpinggirkan', 'negatif'),
	(5181, 'terpojok', 'negatif'),
	(5182, 'terpojokkan', 'negatif'),
	(5183, 'terprovokasi', 'negatif'),
	(5184, 'terpukul', 'negatif'),
	(5185, 'terpuruk', 'negatif'),
	(5186, 'terputus', 'negatif'),
	(5187, 'tersableng', 'negatif'),
	(5188, 'tersabotase', 'negatif'),
	(5189, 'tersadis', 'negatif'),
	(5190, 'tersaingi', 'negatif'),
	(5191, 'tersakit', 'negatif'),
	(5192, 'tersakiti', 'negatif'),
	(5193, 'tersalah', 'negatif'),
	(5194, 'tersalahartikan', 'negatif'),
	(5195, 'tersalahgunakan', 'negatif'),
	(5196, 'tersandera', 'negatif'),
	(5197, 'tersandung', 'negatif'),
	(5198, 'tersangka', 'negatif'),
	(5199, 'tersangsikan', 'negatif'),
	(5200, 'tersantet', 'negatif'),
	(5201, 'tersayat', 'negatif'),
	(5202, 'terserang', 'negatif'),
	(5203, 'terseret', 'negatif'),
	(5204, 'tersesat', 'negatif'),
	(5205, 'tersia-siakan', 'negatif'),
	(5206, 'tersial', 'negatif'),
	(5207, 'tersiksa', 'negatif'),
	(5208, 'tersikut', 'negatif'),
	(5209, 'tersindir', 'negatif'),
	(5210, 'tersinggung', 'negatif'),
	(5211, 'tersingkap', 'negatif'),
	(5212, 'tersinis', 'negatif'),
	(5213, 'tersinting', 'negatif'),
	(5214, 'tersisih', 'negatif'),
	(5215, 'terslebor', 'negatif'),
	(5216, 'tersombong', 'negatif'),
	(5217, 'terstagnan', 'negatif'),
	(5218, 'terstres', 'negatif'),
	(5219, 'tersudut', 'negatif'),
	(5220, 'tersukar', 'negatif'),
	(5221, 'tersulit', 'negatif'),
	(5222, 'tersulut', 'negatif'),
	(5223, 'tersumbat', 'negatif'),
	(5224, 'tersumpek', 'negatif'),
	(5225, 'tersungkur', 'negatif'),
	(5226, 'tersuntuk', 'negatif'),
	(5227, 'tersuram', 'negatif'),
	(5228, 'tersusah', 'negatif'),
	(5229, 'tertabrak', 'negatif'),
	(5230, 'tertampar', 'negatif'),
	(5231, 'tertandus', 'negatif'),
	(5232, 'tertangkap', 'negatif'),
	(5233, 'tertatih-tatih', 'negatif'),
	(5234, 'tertembak', 'negatif'),
	(5235, 'tertembus', 'negatif'),
	(5236, 'tertikam', 'negatif'),
	(5237, 'tertindas', 'negatif'),
	(5238, 'tertinggal', 'negatif'),
	(5239, 'tertipu', 'negatif'),
	(5240, 'tertohok', 'negatif'),
	(5241, 'tertolol', 'negatif'),
	(5242, 'tertuduh', 'negatif'),
	(5243, 'tertular', 'negatif'),
	(5244, 'tertulari', 'negatif'),
	(5245, 'tertunda', 'negatif'),
	(5246, 'tertunduk', 'negatif'),
	(5247, 'tertusuk', 'negatif'),
	(5248, 'terusik', 'negatif'),
	(5249, 'terusir', 'negatif'),
	(5250, 'terzalim', 'negatif'),
	(5251, 'terzalimi', 'negatif'),
	(5252, 'tetek bengek', 'negatif'),
	(5253, 'tewas', 'negatif'),
	(5254, 'tewaskan', 'negatif'),
	(5255, 'tidak ada biaya', 'negatif'),
	(5256, 'tidak ada uang', 'negatif'),
	(5257, 'tidak akan tercatat', 'negatif'),
	(5258, 'tidak berdaya', 'negatif'),
	(5259, 'tidak berkesudahan', 'negatif'),
	(5260, 'tidak bernyawa', 'negatif'),
	(5261, 'tidak dapat dieksekusi', 'negatif'),
	(5262, 'tidak hanya', 'negatif'),
	(5263, 'tidak mungkin', 'negatif'),
	(5264, 'tidak pernah disebutkan', 'negatif'),
	(5265, 'tidak punya dana', 'negatif'),
	(5266, 'tifus', 'negatif'),
	(5267, 'tikam', 'negatif'),
	(5268, 'tikam-menikam', 'negatif'),
	(5269, 'tikaman', 'negatif'),
	(5270, 'tilap', 'negatif'),
	(5271, 'tilep', 'negatif'),
	(5272, 'timpang', 'negatif'),
	(5273, 'tindas', 'negatif'),
	(5274, 'tipikor', 'negatif'),
	(5275, 'tipu', 'negatif'),
	(5276, 'tipu tipuan', 'negatif'),
	(5277, 'tiran', 'negatif'),
	(5278, 'tirani', 'negatif'),
	(5279, 'tiru', 'negatif'),
	(5280, 'tiruan', 'negatif'),
	(5281, 'todong', 'negatif'),
	(5282, 'togel', 'negatif'),
	(5283, 'tohok', 'negatif'),
	(5284, 'tolol', 'negatif'),
	(5285, 'tornado', 'negatif'),
	(5286, 'toyor', 'negatif'),
	(5287, 'tragedi', 'negatif'),
	(5288, 'tragis', 'negatif'),
	(5289, 'trauma', 'negatif'),
	(5290, 'traumatis', 'negatif'),
	(5291, 'tremor', 'negatif'),
	(5292, 'tsunami', 'negatif'),
	(5293, 'tuak', 'negatif'),
	(5294, 'tuba', 'negatif'),
	(5295, 'tubrukan', 'negatif'),
	(5296, 'tuding', 'negatif'),
	(5297, 'tuding-menuding', 'negatif'),
	(5298, 'tudingan', 'negatif'),
	(5299, 'tuduh', 'negatif'),
	(5300, 'tuduh-menuduh', 'negatif'),
	(5301, 'tuduhan', 'negatif'),
	(5302, 'tumbal', 'negatif'),
	(5303, 'tumbang', 'negatif'),
	(5304, 'tumpang tindih', 'negatif'),
	(5305, 'tumpang-tindih', 'negatif'),
	(5306, 'tuna susila', 'negatif'),
	(5307, 'tunasusila', 'negatif'),
	(5308, 'tunggak', 'negatif'),
	(5309, 'tunggakan', 'negatif'),
	(5310, 'tunggang langgang', 'negatif'),
	(5311, 'tuntutan', 'negatif'),
	(5312, 'turun', 'negatif'),
	(5313, 'tutup', 'negatif'),
	(5314, 'tutup mata', 'negatif'),
	(5315, 'uang haram', 'negatif'),
	(5316, 'udal-ugalan', 'negatif'),
	(5317, 'udik', 'negatif'),
	(5318, 'ugal-ugalan', 'negatif'),
	(5319, 'ujub', 'negatif'),
	(5320, 'umbar', 'negatif'),
	(5321, 'umpat', 'negatif'),
	(5322, 'umpatan', 'negatif'),
	(5323, 'uneg-uneg', 'negatif'),
	(5324, 'unek-unek', 'negatif'),
	(5325, 'unjuk rasa', 'negatif'),
	(5326, 'untung-untungan', 'negatif'),
	(5327, 'urakan', 'negatif'),
	(5328, 'urgent', 'negatif'),
	(5329, 'uring-uringan', 'negatif'),
	(5330, 'urung', 'negatif'),
	(5331, 'usang', 'negatif'),
	(5332, 'usik', 'negatif'),
	(5333, 'usil', 'negatif'),
	(5334, 'usir', 'negatif'),
	(5335, 'utang', 'negatif'),
	(5336, 'vandal', 'negatif'),
	(5337, 'vandalisme', 'negatif'),
	(5338, 'vendeta', 'negatif'),
	(5339, 'virulen', 'negatif'),
	(5340, 'virus', 'negatif'),
	(5341, 'vulgar', 'negatif'),
	(5342, 'wabah', 'negatif'),
	(5343, 'waduh', 'negatif'),
	(5344, 'wanti-wanti', 'negatif'),
	(5345, 'was-was', 'negatif'),
	(5346, 'waspada', 'negatif'),
	(5347, 'waswas', 'negatif'),
	(5348, 'zalim', 'negatif'),
	(5349, 'zina', 'negatif'),
	(5350, 'zinah', 'negatif'),
	(5351, 'zionis', 'negatif'),
	(5352, 'aduh', 'negatif'),
	(5353, 'labil', 'negatif'),
	(5354, 'dunia gemerlap', 'negatif'),
	(5355, 'asal jadi', 'negatif'),
	(5356, 'hancur', 'negatif'),
	(5357, 'anjing', 'negatif'),
	(5358, 'apa sih', 'negatif'),
	(5359, 'sial', 'negatif'),
	(5360, 'asal bunyi', 'negatif'),
	(5361, 'asam', 'negatif'),
	(5362, 'asli tapi palsu', 'negatif'),
	(5363, 'asli tetapi palsu', 'negatif'),
	(5364, 'asal tulis', 'negatif'),
	(5365, 'tidak mau tahu', 'negatif'),
	(5366, 'awas', 'negatif'),
	(5367, 'banyak bicara', 'negatif'),
	(5368, 'balas', 'negatif'),
	(5369, 'nakal', 'negatif'),
	(5370, 'basi', 'negatif'),
	(5371, 'banci', 'negatif'),
	(5372, 'bosan', 'negatif'),
	(5373, 'bingung', 'negatif'),
	(5374, 'benci', 'negatif'),
	(5375, 'bohong', 'negatif'),
	(5376, 'nekat', 'negatif'),
	(5377, 'bodoh', 'negatif'),
	(5378, 'bubar', 'negatif'),
	(5379, 'bubarkan', 'negatif'),
	(5380, 'makelar', 'negatif'),
	(5381, 'capek', 'negatif'),
	(5382, 'cari perhatian', 'negatif'),
	(5383, 'cari muka', 'negatif'),
	(5384, 'jelek', 'negatif'),
	(5385, 'tidak ada uang', 'negatif'),
	(5386, 'tidak punya uang', 'negatif'),
	(5387, 'cegah tangkal', 'negatif'),
	(5388, 'penakut', 'negatif'),
	(5389, 'pendek', 'negatif'),
	(5390, 'ganja', 'negatif'),
	(5391, 'tidak acuh', 'negatif'),
	(5392, 'cuek', 'negatif'),
	(5393, 'culun', 'negatif'),
	(5394, 'pencurian kendaraan bermotor', 'negatif'),
	(5395, 'kekerasan', 'negatif'),
	(5396, 'dihancurkam', 'negatif'),
	(5397, 'digosipkan', 'negatif'),
	(5398, 'playboy', 'negatif'),
	(5399, 'emang gue pikirin', 'negatif'),
	(5400, 'makan teman', 'negatif'),
	(5401, 'cemburu', 'negatif'),
	(5402, 'gagap teknologi', 'negatif'),
	(5403, 'gagal total', 'negatif'),
	(5404, 'sangar', 'negatif'),
	(5405, 'tidak mau', 'negatif'),
	(5406, 'tidak tahu', 'negatif'),
	(5407, 'gelandangan', 'negatif'),
	(5408, 'pengemis', 'negatif'),
	(5409, 'gila', 'negatif'),
	(5410, 'gigi nongol', 'negatif'),
	(5411, 'gigi mancung', 'negatif'),
	(5412, 'tidak jelas', 'negatif'),
	(5413, 'goblok', 'negatif'),
	(5414, 'bahan peledak', 'negatif'),
	(5415, 'hilang', 'negatif'),
	(5416, 'mengeluh', 'negatif'),
	(5417, 'keluhan', 'negatif'),
	(5418, 'tidak suka', 'negatif'),
	(5419, 'jarang dibelai', 'negatif'),
	(5420, 'jaga image', 'negatif'),
	(5421, 'tidak lucu', 'negatif'),
	(5422, 'jijik', 'negatif'),
	(5423, 'galak', 'negatif'),
	(5424, 'kabur', 'negatif'),
	(5425, 'kacau', 'negatif'),
	(5426, 'terlanjur', 'negatif'),
	(5427, 'keras kepala', 'negatif'),
	(5428, 'mau tahu', 'negatif'),
	(5429, 'ketahuan', 'negatif'),
	(5430, 'komunis', 'negatif'),
	(5431, 'garing', 'negatif'),
	(5432, 'kurang pergaulan', 'negatif'),
	(5433, 'imitasi', 'negatif'),
	(5434, 'kecelakaan', 'negatif'),
	(5435, 'berlebihan', 'negatif'),
	(5436, 'lemah', 'negatif'),
	(5437, 'lawan', 'negatif'),
	(5438, 'bolos', 'negatif'),
	(5439, 'macam-macam', 'negatif'),
	(5440, 'suram', 'negatif'),
	(5441, 'gaji buta', 'negatif'),
	(5442, 'memaksa', 'negatif'),
	(5443, 'memalukan', 'negatif'),
	(5444, 'makelar kasus', 'negatif'),
	(5445, 'minuman keras', 'negatif'),
	(5446, 'malas', 'negatif'),
	(5447, 'mahal', 'negatif'),
	(5448, 'melulu', 'negatif'),
	(5449, 'pusing', 'negatif'),
	(5450, 'munafik', 'negatif'),
	(5451, 'muntah', 'negatif'),
	(5452, 'menangis', 'negatif'),
	(5453, 'narapidana', 'negatif'),
	(5454, 'narkotika', 'negatif'),
	(5455, 'alkohol', 'negatif'),
	(5456, 'psikotropika', 'negatif'),
	(5457, 'adiktif', 'negatif'),
	(5458, 'obat terlarang', 'negatif'),
	(5459, 'terlarang', 'negatif'),
	(5460, 'tidak punya pekerjaan', 'negatif'),
	(5461, 'marah', 'negatif'),
	(5462, 'terlambat', 'negatif'),
	(5463, 'bicara sembarangan', 'negatif'),
	(5464, 'sembarangan', 'negatif'),
	(5465, 'bandel', 'negatif'),
	(5466, 'berkilah', 'negatif'),
	(5467, 'bicara terus-terusan', 'negatif'),
	(5468, 'merampok', 'negatif'),
	(5469, 'berbohong', 'negatif'),
	(5470, 'iri', 'negatif'),
	(5471, 'ikut campur', 'negatif'),
	(5472, 'bertumpuk', 'negatif'),
	(5473, 'omomg doang', 'negatif'),
	(5474, 'out of topic', 'negatif'),
	(5475, 'sampah', 'negatif'),
	(5476, 'tuna susila', 'negatif'),
	(5477, 'penjahat kelamin', 'negatif'),
	(5478, 'pelacur', 'negatif'),
	(5479, 'lacur', 'negatif'),
	(5480, 'sodomi', 'negatif'),
	(5481, 'miskin', 'negatif'),
	(5482, 'ribet', 'negatif'),
	(5483, 'kriminal', 'negatif'),
	(5484, 'salah tingkah', 'negatif'),
	(5485, 'salah kostum', 'negatif'),
	(5486, 'sombong', 'negatif'),
	(5487, 'sok tahu', 'negatif'),
	(5488, 'sok', 'negatif'),
	(5489, 'rugi', 'negatif'),
	(5490, 'telat berpikir', 'negatif'),
	(5491, 'menyebalkan', 'negatif'),
	(5492, 'terkapar', 'negatif'),
	(5493, 'pelanggaran', 'negatif'),
	(5494, 'toto gelap', 'negatif'),
	(5495, 'tai', 'negatif'),
	(5496, 'wanita pria', 'negatif'),
	(5497, 'what the fuck', 'negatif'),
	(5498, 'what the hell', 'negatif'),
	(5499, 'ya sudah', 'negatif'),
	(5500, 'ck', 'negatif'),
	(5501, 'sial', 'negatif'),
	(5502, 'nestapa', 'negatif'),
	(5503, 'porno', 'negatif'),
	(5504, 'mengklaim', 'negatif'),
	(5505, 'sulit', 'negatif'),
	(5506, 'ribet', 'negatif'),
	(5507, 'norak', 'negatif');
/*!40000 ALTER TABLE `kamus_liu` ENABLE KEYS */;

-- Dumping structure for table sentimen.klasifikasi
DROP TABLE IF EXISTS `klasifikasi`;
CREATE TABLE IF NOT EXISTS `klasifikasi` (
  `k_stemmer` int(11) NOT NULL,
  `k_data` int(11) DEFAULT NULL,
  `k_positif` double DEFAULT NULL,
  `k_negatif` double DEFAULT NULL,
  `k_hasil` enum('positif','negatif') DEFAULT NULL,
  `created_at` timestamp NULL DEFAULT current_timestamp() ON UPDATE current_timestamp(),
  PRIMARY KEY (`k_stemmer`),
  KEY `FK_klasifikasi_data_crawling` (`k_data`),
  CONSTRAINT `FK_klasifikasi_data_crawling` FOREIGN KEY (`k_data`) REFERENCES `data_crawling` (`dc_id`) ON DELETE CASCADE ON UPDATE CASCADE,
  CONSTRAINT `FK_klasifikasi_stemmer` FOREIGN KEY (`k_stemmer`) REFERENCES `stemmer` (`s_data`) ON DELETE CASCADE ON UPDATE CASCADE
) ENGINE=InnoDB DEFAULT CHARSET=utf8mb4;

-- Dumping data for table sentimen.klasifikasi: ~42 rows (approximately)
/*!40000 ALTER TABLE `klasifikasi` DISABLE KEYS */;
REPLACE INTO `klasifikasi` (`k_stemmer`, `k_data`, `k_positif`, `k_negatif`, `k_hasil`, `created_at`) VALUES
	(1, 1, NULL, NULL, 'negatif', '2020-02-03 11:05:52'),
	(2, 2, NULL, NULL, 'positif', '2020-02-03 11:05:52'),
	(3, 3, NULL, NULL, 'negatif', '2020-02-03 11:05:52'),
	(4, 4, NULL, NULL, 'negatif', '2020-02-03 11:05:52'),
	(5, 5, NULL, NULL, 'negatif', '2020-02-03 11:05:52'),
	(6, 6, NULL, NULL, 'negatif', '2020-02-03 11:05:52'),
	(7, 7, NULL, NULL, 'negatif', '2020-02-03 11:05:52'),
	(8, 8, NULL, NULL, 'negatif', '2020-02-03 11:05:52'),
	(9, 9, NULL, NULL, 'negatif', '2020-02-03 11:05:52'),
	(10, 10, NULL, NULL, 'negatif', '2020-02-03 11:05:52'),
	(11, 11, NULL, NULL, 'negatif', '2020-02-03 11:05:52'),
	(12, 12, NULL, NULL, 'negatif', '2020-02-03 11:05:52'),
	(13, 13, NULL, NULL, 'positif', '2020-02-03 11:05:52'),
	(14, 14, NULL, NULL, 'negatif', '2020-02-03 11:05:52'),
	(15, 15, NULL, NULL, 'negatif', '2020-02-03 11:05:52'),
	(16, 16, NULL, NULL, 'negatif', '2020-02-03 11:05:52'),
	(17, 17, NULL, NULL, 'negatif', '2020-02-03 11:05:52'),
	(18, 18, NULL, NULL, 'negatif', '2020-02-03 11:05:52'),
	(19, 19, NULL, NULL, 'negatif', '2020-02-03 11:05:52'),
	(20, 20, NULL, NULL, 'negatif', '2020-02-03 11:05:52'),
	(21, 21, NULL, NULL, 'negatif', '2020-02-03 11:05:52'),
	(22, 22, NULL, NULL, 'negatif', '2020-02-03 11:05:52'),
	(23, 23, NULL, NULL, 'positif', '2020-02-03 11:05:52'),
	(24, 24, NULL, NULL, 'negatif', '2020-02-03 11:05:52'),
	(25, 25, NULL, NULL, 'negatif', '2020-02-03 11:05:52'),
	(26, 26, NULL, NULL, 'negatif', '2020-02-03 11:05:52'),
	(27, 27, NULL, NULL, 'negatif', '2020-02-03 11:05:52'),
	(28, 28, NULL, NULL, 'negatif', '2020-02-03 11:05:52'),
	(29, 29, NULL, NULL, 'negatif', '2020-02-03 11:05:52'),
	(30, 30, NULL, NULL, 'negatif', '2020-02-03 11:05:52'),
	(31, 31, NULL, NULL, 'negatif', '2020-02-03 11:05:52'),
	(32, 32, NULL, NULL, 'negatif', '2020-02-03 11:05:52'),
	(33, 33, NULL, NULL, 'negatif', '2020-02-03 11:05:52'),
	(34, 34, NULL, NULL, 'negatif', '2020-02-03 11:05:52'),
	(35, 35, NULL, NULL, 'negatif', '2020-02-03 11:05:52'),
	(36, 36, NULL, NULL, 'negatif', '2020-02-03 11:05:52'),
	(37, 37, NULL, NULL, 'negatif', '2020-02-03 11:05:52'),
	(38, 38, NULL, NULL, 'negatif', '2020-02-03 11:05:52'),
	(39, 39, NULL, NULL, 'negatif', '2020-02-12 20:52:43'),
	(40, 40, NULL, NULL, 'negatif', '2020-02-12 20:52:51');
/*!40000 ALTER TABLE `klasifikasi` ENABLE KEYS */;

-- Dumping structure for table sentimen.stemmer
DROP TABLE IF EXISTS `stemmer`;
CREATE TABLE IF NOT EXISTS `stemmer` (
  `s_data` int(11) NOT NULL,
  `s_stemmer` text DEFAULT NULL,
  `created_at` timestamp NULL DEFAULT current_timestamp() ON UPDATE current_timestamp(),
  PRIMARY KEY (`s_data`),
  CONSTRAINT `FK_stemmer_data_crawling` FOREIGN KEY (`s_data`) REFERENCES `stopword` (`s_data`) ON DELETE CASCADE ON UPDATE CASCADE
) ENGINE=InnoDB DEFAULT CHARSET=latin1;

-- Dumping data for table sentimen.stemmer: ~47 rows (approximately)
/*!40000 ALTER TABLE `stemmer` DISABLE KEYS */;
REPLACE INTO `stemmer` (`s_data`, `s_stemmer`, `created_at`) VALUES
	(1, 'sangat', '2020-02-03 11:00:25'),
	(2, 'terima|kasih|sudah|langsung', '2020-02-03 11:00:25'),
	(3, 'kecewa|berat|fiber', '2020-02-03 11:00:25'),
	(4, 'pasang|baru|sangat|buruk', '2020-02-03 11:00:25'),
	(5, 'buruk', '2020-02-03 11:00:26'),
	(6, '', '2020-02-03 11:00:26'),
	(7, 'problem|buruk', '2020-02-03 11:00:26'),
	(8, 'pasang|baru|kilat|tapi|lama', '2020-02-03 11:00:26'),
	(9, 'tidak|ada|tanggung|jawab', '2020-02-03 11:00:26'),
	(10, 'buruk', '2020-02-03 11:00:27'),
	(11, 'sangat|tidak|sangat|baru|april|pasang|mei|sekarang|mei|masih|tidak|bisa', '2020-02-03 11:00:27'),
	(12, 'bisa|paling|rendah|mubazir', '2020-02-03 11:00:27'),
	(13, 'terima|kasih|modem|ada|cepat|banyak|coba', '2020-02-03 11:00:27'),
	(14, 'sudah|hari|koneksi|tanpa|ada|jelas|bah', '2020-02-03 11:00:28'),
	(15, 'siang|min|boleh|bisa|tidak|lewat|plaza|terima|kasih|min', '2020-02-03 11:00:28'),
	(16, 'mohon|bantu|rendah|banget|saat|mohon|bantu|terima|kasih', '2020-02-03 11:00:28'),
	(17, 'cek|dong|orang|lain|cepat|balas|tolong|profesional|prosedur|awal|sudah|cabut|kabel|tolong|lambat|bayar|pernah|telat', '2020-02-03 11:00:28'),
	(18, 'ya|bisa|lagi|pagi|sekarang|belum|bisa|kerja|memang|sanggup|bilang|aja|bisa|migrasi|lain', '2020-02-03 11:00:28'),
	(19, 'bangsat|ni|jam|suka', '2020-02-03 11:00:29'),
	(20, 'ada|wa|masuk|bebas|dong|mau|rentan|telah|sendiri|lah|tadi|malam|dah|aneh|kalo|usah|min', '2020-02-03 11:00:29'),
	(21, 'saja|jelek|melulu|mau|tambah|ada|bayar|lebih|mahal|aja', '2020-02-03 11:00:29'),
	(22, 'berapa|lama|sop|masalah|tugu|lebaran|kuda', '2020-02-03 11:00:30'),
	(23, 'buka|jauh|dekat|dekat', '2020-02-03 11:00:30'),
	(24, 'tanggal|sekarang|tutup|belum|proses|baik', '2020-02-03 11:00:30'),
	(25, 'sudah|teknisi|aplikasi|sekarang|tidak|ada', '2020-02-03 11:00:30'),
	(26, 'mohon|mati|saat', '2020-02-03 11:00:31'),
	(27, 'eror|hampir', '2020-02-03 11:00:31'),
	(28, 'lihat|bayar|putus|kemarin|hari|belum|juga', '2020-02-03 11:00:31'),
	(29, 'selamat|pagi|putus|mohon|cepat', '2020-02-03 11:00:31'),
	(30, 'rusak|sudah', '2020-02-03 11:00:31'),
	(31, 'kecewa|gratis', '2020-02-03 11:00:32'),
	(32, 'sudah|lapor|masalah|belum|ada', '2020-02-03 11:00:32'),
	(33, 'sudah|abonemen|tak', '2020-02-03 11:00:32'),
	(34, 'mati|normal|kembali', '2020-02-03 11:00:32'),
	(35, 'koneksi|tolong|segera', '2020-02-03 11:00:32'),
	(36, 'kabel|telepon|mati', '2020-02-03 11:00:33'),
	(37, 'masih|selesai', '2020-02-03 11:00:33'),
	(38, 'belum|paket|tidak|bisa', '2020-02-03 11:00:33'),
	(39, 'kecewa|program', '2020-02-03 11:00:33'),
	(40, 'tidak|ada', '2020-02-03 11:00:34'),
	(41, 'tidak|jelas', '2020-02-12 20:54:56'),
	(42, 'ni|tiba|mati', '2020-02-12 20:54:56'),
	(43, 'lama|kecewa', '2020-02-13 17:15:07');
/*!40000 ALTER TABLE `stemmer` ENABLE KEYS */;

-- Dumping structure for table sentimen.stopword
DROP TABLE IF EXISTS `stopword`;
CREATE TABLE IF NOT EXISTS `stopword` (
  `s_data` int(11) NOT NULL,
  `s_stopword` text DEFAULT NULL,
  `created_at` timestamp NOT NULL DEFAULT current_timestamp() ON UPDATE current_timestamp(),
  PRIMARY KEY (`s_data`),
  CONSTRAINT `FK_stopword_data_crawling` FOREIGN KEY (`s_data`) REFERENCES `tokenize` (`t_data`) ON DELETE CASCADE ON UPDATE CASCADE
) ENGINE=InnoDB DEFAULT CHARSET=latin1;

-- Dumping data for table sentimen.stopword: ~46 rows (approximately)
/*!40000 ALTER TABLE `stopword` DISABLE KEYS */;
REPLACE INTO `stopword` (`s_data`, `s_stopword`, `created_at`) VALUES
	(1, 'pelayanan|indihome|sangat|mengecewakan', '2020-02-03 11:00:24'),
	(2, 'terima|kasih|indihome|error|sudah|langsung|diperbaiki', '2020-02-03 11:00:25'),
	(3, 'kecewa|berat|telkom|147|indihome|fiber', '2020-02-03 11:00:25'),
	(4, 'pelayanan|pasang|baru|indihome|sangat|buruk|mengecewakan', '2020-02-03 11:00:25'),
	(5, 'after|sales|indihome|buruk', '2020-02-03 11:00:26'),
	(6, 'pembayaran|indihome|tokopedia|mengecewakan', '2020-02-03 11:00:26'),
	(7, 'indihome|problem|terus-menerus|pelayanan|buruk', '2020-02-03 11:00:26'),
	(8, 'telkom|indihome|pasang|baru|secepat|kilat|tapi|maintenance|lama', '2020-02-03 11:00:26'),
	(9, 'pemaksaan|ketidakamanan|tidak|ada|tanggung|jawab|telkom|terkait|indihome', '2020-02-03 11:00:26'),
	(10, 'pelayanan|maintenance|telkom|indihome|buruk', '2020-02-03 11:00:27'),
	(11, 'indihome|sangat|tidak|memuaskan|sangat|mengecewakan|baru|tgl|24|april|pasang|indihome|tgl|mei|sekarang|tgl|15|mei|masih|tidak|bisa|digunakan', '2020-02-03 11:00:27'),
	(12, 'downgrade|bisa|setengah-nya|speed|yg|paling|rendah|mubazir|soalnya|speednya', '2020-02-03 11:00:27'),
	(13, 'terima|kasih|mmg|modem|ada|restat|cepat|sekali|tanggapannya|mksh|banyak|coba|dl|useetv', '2020-02-03 11:00:27'),
	(14, 'halaaaah|sudah|hari|keempat|koneksi|internet|tv|terputus|tanpa|ada|tindakan|yg|jelas|telkom|indihome|bah', '2020-02-03 11:00:28'),
	(15, 'siang|min|boleh|nanya|gk|bisa|tidak|berhenti|berlangganan|indihome|lewat|plaza|telkom|terima|kasih|min', '2020-02-03 11:00:28'),
	(16, 'mohon|bantu|internet|lemot|speed|nya|rendah|banget|saat|gak|sampe|mbps|nomer|pelanggan|122501212664|mohon|bantu|solusinya|terima|kasih', '2020-02-03 11:00:28'),
	(17, 'cek|dm|dong|slow|respon|bgt|giliran|orang|lain|cepat|balas|nya|tolong|profesional|melayani|pelanggan|prosedur|awal|sudah|dilakukan|restart|cabut|kabel|chord|tolong|respon|keluhan|nya|internet|lambat|bayar|ga|pernah|telat', '2020-02-03 11:00:28'),
	(18, 'indihome|ya|bisa|connect|lagi|inet|nya|kemaren|pagi|sekarang|belum|bisa|kerja|memang|gak|sanggup|bilang|aja|bisa|migrasi|provider|lain', '2020-02-03 11:00:28'),
	(19, 'bangsat|ni|indihome|jam|segini|suka|mati2', '2020-02-03 11:00:29'),
	(20, 'ada|wa|masuk|indihome|tagihan|pemasangan|disitu|tertera|tgl|pelunasan|5-20|artinya|pelanggan|bebas|dong|mau|byr|diantara|rentan|tgl|yg|telah|dibuat|sendiri|indihome|lah|tadi|tgl|15|malam|dah|diputus|jaringanya|aneh|kalo|gitu|gak|usah|aturan|min', '2020-02-03 11:00:29'),
	(21, 'jaringan|nya|saja|jelek|melulu|gimana|mau|tambah|speed|yg|ada|bayar|lebih|mahal|aja', '2020-02-03 11:00:29'),
	(22, 'berapa|lama|sop|telkom|untk|penanganan|masalah|spt|ini|tugu|sampe|lebaran|kuda', '2020-02-03 11:00:30'),
	(23, 'buka|menjadikan|yg|jauh|menjadi|dekat|yg|dekat|semakin|terikat|yuuuk|bukber', '2020-02-03 11:00:30'),
	(24, 'tanggal|sekarang|permintaan|tutup|layanan|belum|proses|beginikah|pelayanannya|baik', '2020-02-03 11:00:30'),
	(25, 'sudah|hubungi|147,|sales|indihome|teknisi|yg|memasang|indihome|chat|aplikasi|my|indihome|sekarang|tidak|ada|perbaikan', '2020-02-03 11:00:30'),
	(26, 'mohon|bantuan|hybrid|box|tiba2|mati|saat|menonton|tv', '2020-02-03 11:00:31'),
	(27, 'wifi|eror|ssid|nya|ga|timbul2|dh|hampir|seharian|bt', '2020-02-03 11:00:31'),
	(28, 'lihat|udah|bayar|internet|putus|kemarin|hari|belum|juga|konek', '2020-02-03 11:00:31'),
	(29, 'selamat|pagi|no|076195190|intenet|telfon|putus|tdk|terkoneksi|internet|sm|sekali|mohon|perbaikannya|dg|cepat|terimaksih', '2020-02-03 11:00:31'),
	(30, 'rusak|blm|perbaiki|04313126065|sudah|laporan|dr|tgl', '2020-02-03 11:00:31'),
	(31, 'kecewa|promo|gratis|pemasangan|indihome', '2020-02-03 11:00:32'),
	(32, 'sudah|lapor|masalah|internet|belum|ada|perbaikan', '2020-02-03 11:00:32'),
	(33, 'sudah|berhenti|berlangganan|internet|abonemen|tak|berubah', '2020-02-03 11:00:32'),
	(34, 'layanan|internet|mati|normal|kembali', '2020-02-03 11:00:32'),
	(35, 'koneksi|internet|mengecewakan|tolong|segera|perbaiki', '2020-02-03 11:00:32'),
	(36, 'internet|tv|kabel|telepon|mati|adakah|kompensasinya', '2020-02-03 11:00:33'),
	(37, 'internet|masih|error|laporan|dinyatakan|selesai', '2020-02-03 11:00:33'),
	(38, 'dianggap|belum|membayar|paket|add-on|indihome|tidak|bisa|dinikmati', '2020-02-03 11:00:33'),
	(39, 'tagihan|melonjak|kecewa|layanan|program|triple|play', '2020-02-03 11:00:33'),
	(40, 'pengajuan|upgrade|kecepatan|internet|tidak|ada|kejelasan', '2020-02-03 11:00:33'),
	(41, 'pemasangan|indiehome|tidak|jelas|waktunya', '2020-02-12 20:54:56'),
	(42, 'ni|knapa|yak|tiba|mati|indiehome', '2020-02-12 20:54:56'),
	(43, 'tanggapan|lama|kecewa|layanan|customer|service|indiehome', '2020-02-13 17:15:07');
/*!40000 ALTER TABLE `stopword` ENABLE KEYS */;

-- Dumping structure for table sentimen.tokenize
DROP TABLE IF EXISTS `tokenize`;
CREATE TABLE IF NOT EXISTS `tokenize` (
  `t_data` int(11) NOT NULL,
  `t_tokenize` text DEFAULT NULL,
  `created_at` timestamp NULL DEFAULT current_timestamp() ON UPDATE current_timestamp(),
  PRIMARY KEY (`t_data`),
  CONSTRAINT `FK_tokenize_data_crawling` FOREIGN KEY (`t_data`) REFERENCES `case_folding` (`cf_data`) ON DELETE CASCADE ON UPDATE CASCADE
) ENGINE=InnoDB DEFAULT CHARSET=latin1;

-- Dumping data for table sentimen.tokenize: ~43 rows (approximately)
/*!40000 ALTER TABLE `tokenize` DISABLE KEYS */;
REPLACE INTO `tokenize` (`t_data`, `t_tokenize`, `created_at`) VALUES
	(1, 'pelayanan|indihome|sangat|mengecewakan', '2020-02-03 11:00:24'),
	(2, 'terima|kasih|indihome|error|sudah|langsung|diperbaiki', '2020-02-03 11:00:25'),
	(3, 'kecewa|berat|dengan|telkom|147|indihome|fiber', '2020-02-03 11:00:25'),
	(4, 'pelayanan|pasang|baru|indihome|sangat|buruk|dan|mengecewakan', '2020-02-03 11:00:25'),
	(5, 'after|sales|indihome|yang|buruk', '2020-02-03 11:00:25'),
	(6, 'pembayaran|indihome|melalui|tokopedia|mengecewakan', '2020-02-03 11:00:26'),
	(7, 'indihome|problem|yang|terus-menerus|dan|pelayanan|yang|buruk', '2020-02-03 11:00:26'),
	(8, 'telkom|indihome|pasang|baru|secepat|kilat|tapi|kalau|maintenance|lama', '2020-02-03 11:00:26'),
	(9, 'pemaksaan|ketidakamanan|dan|tidak|ada|tanggung|jawab|telkom|terkait|indihome', '2020-02-03 11:00:26'),
	(10, 'pelayanan|maintenance|telkom|indihome|yang|buruk', '2020-02-03 11:00:26'),
	(11, 'indihome|sangat|tidak|memuaskan|sangat|mengecewakan|baru|tgl|24|april|pasang|indihome|sejak|tgl|mei|sampai|sekarang|tgl|15|mei|masih|tidak|bisa|digunakan', '2020-02-03 11:00:27'),
	(12, 'downgrade|bisa|setengah-nya|dari|speed|yg|paling|rendah|mubazir|soalnya|speednya', '2020-02-03 11:00:27'),
	(13, 'terima|kasih|mmg|di|modem|kami|ada|restat|cepat|sekali|tanggapannya|mksh|banyak|kami|akan|coba|dl|useetv|kami', '2020-02-03 11:00:27'),
	(14, 'halaaaah|sudah|sampai|hari|keempat|koneksi|internet|dan|tv|saya|terputus|tanpa|ada|tindakan|yg|jelas|dari|telkom|dan|indihome|bah', '2020-02-03 11:00:27'),
	(15, 'siang|min|boleh|nanya|gk|bisa|atau|tidak|berhenti|berlangganan|indihome|selain|lewat|plaza|telkom|terima|kasih|min|sebelumnya', '2020-02-03 11:00:28'),
	(16, 'mohon|di|bantu|internet|saya|lemot|speed|nya|rendah|banget|untuk|saat|ini|gak|sampe|mbps|nomer|pelanggan|saya|122501212664|mohon|di|bantu|solusinya|terima|kasih', '2020-02-03 11:00:28'),
	(17, 'cek|dm|dong|slow|respon|bgt|giliran|orang|lain|cepat|balas|nya|tolong|profesional|melayani|pelanggan|prosedur|awal|sudah|dilakukan|restart|cabut|kabel|chord|tolong|di|respon|keluhan|nya|internet|lambat|saya|bayar|ga|pernah|telat', '2020-02-03 11:00:28'),
	(18, 'indihome|saya|kapan|ya|bisa|connect|lagi|inet|nya|dari|kemaren|pagi|sampai|sekarang|belum|bisa|ini|buat|kerja|kalau|memang|gak|sanggup|bilang|aja|biar|kita|bisa|migrasi|ke|provider|lain', '2020-02-03 11:00:28'),
	(19, 'bangsat|ni|indihome|jam|segini|suka|mati2', '2020-02-03 11:00:29'),
	(20, 'ada|wa|masuk|dari|indihome|tentang|tagihan|pemasangan|disitu|tertera|tgl|pelunasan|5-20|artinya|pelanggan|bebas|dong|mau|byr|diantara|rentan|tgl|yg|telah|dibuat|sendiri|oleh|indihome|lah|ini|tadi|tgl|15|malam|dah|diputus|jaringanya|aneh|kalo|gitu|gak|usah|buat|aturan|min', '2020-02-03 11:00:29'),
	(21, 'jaringan|nya|saja|jelek|melulu|gimana|mau|tambah|speed|yg|ada|bayar|lebih|mahal|aja', '2020-02-03 11:00:29'),
	(22, 'berapa|lama|sop|telkom|untk|penanganan|masalah|spt|ini|tugu|sampe|lebaran|kuda', '2020-02-03 11:00:30'),
	(23, 'buka|bersama|menjadikan|kita|yg|jauh|menjadi|dekat|yg|dekat|semakin|terikat|yuuuk|bukber', '2020-02-03 11:00:30'),
	(24, 'dari|tanggal|sampai|sekarang|permintaan|tutup|layanan|belum|di|proses|beginikah|pelayanannya|yang|baik', '2020-02-03 11:00:30'),
	(25, 'sudah|hubungi|147,|sales|indihome|teknisi|yg|memasang|indihome|bahkan|chat|dari|aplikasi|my|indihome|sampai|sekarang|tidak|ada|perbaikan', '2020-02-03 11:00:30'),
	(26, 'mohon|bantuan|hybrid|box|saya|tiba2|mati|saat|menonton|tv', '2020-02-03 11:00:30'),
	(27, 'wifi|eror|ssid|nya|ga|timbul2|dh|hampir|seharian|bt', '2020-02-03 11:00:31'),
	(28, 'lihat|saya|udah|bayar|internet|putus|dari|kemarin|sampai|hari|ini|belum|juga|konek', '2020-02-03 11:00:31'),
	(29, 'selamat|pagi|no|076195190|intenet|dan|telfon|saya|putus|dan|tdk|terkoneksi|internet|sm|sekali|mohon|perbaikannya|dg|cepat|terimaksih', '2020-02-03 11:00:31'),
	(30, 'rusak|blm|di|perbaiki|04313126065|sudah|laporan|dr|tgl', '2020-02-03 11:00:31'),
	(31, 'kecewa|promo|gratis|pemasangan|indihome', '2020-02-03 11:00:32'),
	(32, 'sudah|lapor|masalah|internet|belum|ada|perbaikan', '2020-02-03 11:00:32'),
	(33, 'sudah|berhenti|berlangganan|internet|abonemen|tak|berubah', '2020-02-03 11:00:32'),
	(34, 'layanan|internet|mati|kapan|normal|kembali', '2020-02-03 11:00:32'),
	(35, 'koneksi|internet|mengecewakan|tolong|segera|perbaiki', '2020-02-03 11:00:32'),
	(36, 'internet|tv|kabel|dan|telepon|mati|adakah|kompensasinya', '2020-02-03 11:00:33'),
	(37, 'internet|masih|error|laporan|dinyatakan|selesai', '2020-02-03 11:00:33'),
	(38, 'dianggap|belum|membayar|paket|add-on|indihome|tidak|bisa|dinikmati', '2020-02-03 11:00:33'),
	(39, 'tagihan|melonjak|kecewa|layanan|program|triple|play', '2020-02-03 11:00:33'),
	(40, 'pengajuan|upgrade|kecepatan|internet|tidak|ada|kejelasan', '2020-02-03 11:00:33'),
	(41, 'pemasangan|indiehome|tidak|jelas|waktunya', '2020-02-12 20:54:56'),
	(42, 'ni|knapa|yak|tiba|mati|indiehome', '2020-02-12 20:54:56'),
	(43, 'tanggapan|lama|kecewa|layanan|customer|service|indiehome', '2020-02-13 17:15:07');
/*!40000 ALTER TABLE `tokenize` ENABLE KEYS */;

-- Dumping structure for table sentimen.user
DROP TABLE IF EXISTS `user`;
CREATE TABLE IF NOT EXISTS `user` (
  `us_id` int(11) NOT NULL AUTO_INCREMENT,
  `us_username` varchar(255) DEFAULT NULL,
  `us_password` varchar(50) DEFAULT NULL,
  PRIMARY KEY (`us_id`)
) ENGINE=InnoDB AUTO_INCREMENT=2 DEFAULT CHARSET=latin1;

-- Dumping data for table sentimen.user: ~0 rows (approximately)
/*!40000 ALTER TABLE `user` DISABLE KEYS */;
REPLACE INTO `user` (`us_id`, `us_username`, `us_password`) VALUES
	(1, 'admin', '123456');
/*!40000 ALTER TABLE `user` ENABLE KEYS */;

/*!40101 SET SQL_MODE=IFNULL(@OLD_SQL_MODE, '') */;
/*!40014 SET FOREIGN_KEY_CHECKS=IF(@OLD_FOREIGN_KEY_CHECKS IS NULL, 1, @OLD_FOREIGN_KEY_CHECKS) */;
/*!40101 SET CHARACTER_SET_CLIENT=@OLD_CHARACTER_SET_CLIENT */;
